idx,value
0,374
1,693
2,6240
3,3358
4,2680
5,3034
6,1268
7,5688
8,7208
9,9953
10,3387
11,2637
12,455
13,616
14,2570
15,2272
16,8686
17,3539
18,7721
19,2889
20,7125
21,795
22,8086
23,7514
24,5236
25,6265
26,8205
27,8068
28,3192
29,2020
30,6631
31,4986
32,6713
33,3447
34,8097
35,5894
36,5978
37,2758
38,5343
39,3147
40,9648
41,4242
42,9823
43,1964
44,6486
45,9210
46,9042
47,2971
48,7120
49,5253
50,8201
51,1972
52,4607
53,334
54,2221
55,5210
56,1429
57,9295
58,9042
59,5714
60,8633
61,7585
62,428
63,1759
64,6621
65,5491
66,1635
67,3038
68,4190
69,2601
70,2771
71,2803
72,2124
73,5159
74,3399
75,499
76,250
77,7902
78,6406
79,3604
80,6232
81,8405
82,9934
83,8273
84,6880
85,6156
86,8929
87,3683
88,2397
89,7134
90,1261
91,2237
92,7747
93,8453
94,7217
95,7958
96,3675
97,8130
98,8365
99,1836
100,1597
101,3452
102,152
103,1351
104,4435
105,4265
106,3160
107,7595
108,3579
109,5547
110,9054
111,6419
112,7470
113,7469
114,1087
115,1642
116,2591
117,8814
118,5818
119,619
120,7734
121,893
122,1415
123,3405
124,8653
125,3990
126,5389
127,439
128,8266
129,7307
130,1415
131,7706
132,5679
133,8919
134,8247
135,7470
136,8735
137,7759
138,3164
139,8205
140,8113
141,2026
142,1072
143,4576
144,5705
145,9858
146,1445
147,1990
148,1894
149,6043
150,4033
151,2924
152,2150
153,9092
154,3831
155,586
156,8209
157,1820
158,1960
159,6970
160,1444
161,6375
162,8922
163,590
164,956
165,4705
166,9208
167,9058
168,2294
169,9250
170,6314
171,7344
172,5924
173,2706
174,3478
175,8755
176,2627
177,4862
178,3031
179,366
180,5371
181,7676
182,7805
183,3949
184,5478
185,428
186,4453
187,7980
188,2005
189,592
190,1947
191,2839
192,6607
193,558
194,2333
195,8802
196,683
197,6466
198,3185
199,7690
200,273
201,1449
202,3290
203,5627
204,3356
205,9516
206,1447
207,6084
208,3346
209,6409
210,9485
211,5112
212,6183
213,9033
214,9366
215,1798
216,5438
217,2701
218,4233
219,2619
220,4370
221,5514
222,6220
223,7014
224,2276
225,8023
226,1944
227,9020
228,9622
229,1956
230,6188
231,9694
232,2952
233,5549
234,852
235,9272
236,8256
237,5407
238,2619
239,7371
240,2559
241,1371
242,9455
243,173
244,7922
245,6457
246,2341
247,2719
248,2102
249,6654
250,204
251,1599
252,3904
253,4513
254,8117
255,447
256,6555
257,6042
258,291
259,2454
260,2963
261,8876
262,2224
263,5078
264,7426
265,9078
266,769
267,4558
268,4441
269,1588
270,6027
271,5408
272,7314
273,2955
274,7670
275,5093
276,5683
277,84
278,48
279,6016
280,662
281,2136
282,2709
283,5920
284,2406
285,9310
286,670
287,5002
288,8204
289,2064
290,8759
291,1447
292,5707
293,4261
294,1158
295,5834
296,4217
297,9739
298,9193
299,597
300,7231
301,7522
302,398
303,2203
304,2547
305,7313
306,9401
307,3945
308,1604
309,1075
310,7202
311,3601
312,8661
313,9170
314,4333
315,5575
316,3182
317,5416
318,8302
319,7296
320,1103
321,5409
322,9276
323,2871
324,6054
325,3397
326,853
327,7634
328,3427
329,4340
330,8978
331,4868
332,7914
333,2003
334,4157
335,8981
336,8313
337,5238
338,464
339,7471
340,2715
341,6078
342,6512
343,7674
344,1532
345,5189
346,2042
347,7226
348,3806
349,3832
350,5133
351,3159
352,1483
353,8341
354,4312
355,7502
356,9244
357,9828
358,565
359,902
360,281
361,8170
362,134
363,2149
364,4818
365,3772
366,7118
367,644
368,9789
369,2162
370,2756
371,8176
372,1393
373,5532
374,9316
375,1347
376,7059
377,9497
378,582
379,4835
380,591
381,4885
382,7747
383,4873
384,697
385,2226
386,2421
387,644
388,948
389,891
390,6478
391,6974
392,659
393,85
394,4908
395,8351
396,2238
397,6439
398,1563
399,6850
400,1736
401,5388
402,8716
403,9701
404,446
405,6438
406,3877
407,2484
408,914
409,8805
410,8009
411,2424
412,281
413,1624
414,1353
415,1164
416,2449
417,3075
418,2698
419,8737
420,3880
421,7714
422,1705
423,1938
424,7257
425,1885
426,1629
427,1146
428,440
429,796
430,6700
431,8165
432,2335
433,701
434,4096
435,5749
436,6954
437,8515
438,923
439,2630
440,8353
441,7233
442,7385
443,5155
444,2195
445,888
446,854
447,9978
448,1099
449,2606
450,2015
451,5517
452,6718
453,1376
454,1821
455,1099
456,658
457,9
458,9167
459,4879
460,3958
461,4194
462,3127
463,2679
464,6589
465,4684
466,2425
467,2855
468,1196
469,5276
470,8111
471,5311
472,2519
473,775
474,3392
475,5483
476,8855
477,543
478,3618
479,1241
480,7823
481,1644
482,3325
483,320
484,9647
485,590
486,3794
487,671
488,6568
489,8305
490,9708
491,5652
492,6064
493,7778
494,6678
495,6622
496,7385
497,9634
498,3310
499,3157
500,7726
501,4025
502,4488
503,4968
504,4445
505,8364
506,8485
507,4231
508,8747
509,2242
510,8406
511,1331
512,4452
513,2884
514,5659
515,5314
516,8818
517,8483
518,1521
519,1624
520,3041
521,9726
522,8748
523,3474
524,1536
525,948
526,4577
527,980
528,2730
529,2486
530,9671
531,1622
532,2598
533,321
534,8798
535,6330
536,1979
537,8043
538,8433
539,2289
540,168
541,3131
542,3672
543,303
544,5171
545,4734
546,290
547,8268
548,4657
549,7512
550,1361
551,1372
552,8790
553,168
554,2326
555,2881
556,8349
557,4127
558,3742
559,8720
560,2985
561,2049
562,2205
563,3282
564,605
565,748
566,2250
567,2267
568,6393
569,8026
570,2315
571,608
572,1846
573,4146
574,2035
575,2964
576,2053
577,4708
578,2872
579,7012
580,9090
581,3924
582,3834
583,6549
584,9343
585,7398
586,7026
587,9546
588,1518
589,5995
590,8023
591,3722
592,6398
593,4539
594,7686
595,4305
596,9739
597,148
598,4675
599,405
600,5775
601,8401
602,4219
603,4044
604,6781
605,14
606,5804
607,3340
608,3983
609,491
610,1303
611,7748
612,4478
613,9456
614,3621
615,233
616,8115
617,2128
618,8280
619,3667
620,4796
621,1793
622,8195
623,1850
624,3569
625,9115
626,3437
627,5386
628,7799
629,2686
630,1137
631,2047
632,8868
633,9433
634,2617
635,9213
636,3940
637,8184
638,6989
639,9134
640,6044
641,8878
642,9559
643,3970
644,221
645,4100
646,7865
647,7490
648,9180
649,1408
650,3761
651,9350
652,5135
653,2249
654,9195
655,5416
656,2986
657,1273
658,87
659,8360
660,5786
661,5253
662,5325
663,480
664,4002
665,6026
666,5454
667,6635
668,9333
669,8200
670,1757
671,4498
672,4595
673,9603
674,2158
675,7544
676,7223
677,9943
678,638
679,7063
680,656
681,2460
682,9988
683,5225
684,3759
685,4650
686,1190
687,8716
688,2720
689,3919
690,8814
691,2352
692,6205
693,5759
694,6158
695,8210
696,7391
697,491
698,2289
699,1358
700,2166
701,2325
702,437
703,1104
704,4955
705,4274
706,9702
707,396
708,6820
709,9025
710,4637
711,2448
712,1320
713,2684
714,6793
715,5526
716,6163
717,1773
718,2972
719,2494
720,8732
721,2899
722,1337
723,2091
724,294
725,1444
726,6716
727,1420
728,3140
729,4244
730,3227
731,4030
732,384
733,3847
734,8587
735,4304
736,3725
737,4676
738,567
739,56
740,155
741,7180
742,3325
743,8052
744,5068
745,8585
746,1784
747,2852
748,8277
749,7417
750,3029
751,1174
752,2102
753,397
754,8224
755,7905
756,798
757,9501
758,7007
759,1046
760,2169
761,1647
762,6147
763,6435
764,8971
765,2615
766,394
767,3131
768,929
769,4465
770,6439
771,9651
772,4342
773,4029
774,6022
775,269
776,915
777,4075
778,5882
779,9866
780,3067
781,4711
782,2314
783,9468
784,6262
785,4310
786,5052
787,2954
788,9196
789,6450
790,1200
791,8936
792,6053
793,1697
794,5009
795,2118
796,3342
797,1197
798,2503
799,1367
800,1711
801,4704
802,5088
803,9605
804,2459
805,223
806,7280
807,242
808,7463
809,3241
810,3319
811,9298
812,9470
813,6735
814,402
815,232
816,2532
817,1637
818,3476
819,463
820,5706
821,7066
822,8694
823,1690
824,8721
825,805
826,1549
827,8525
828,5955
829,4256
830,5724
831,9245
832,8030
833,1098
834,9289
835,5941
836,1858
837,4664
838,276
839,4492
840,1198
841,2043
842,1637
843,2243
844,5158
845,3128
846,2101
847,5539
848,4583
849,6787
850,8465
851,9254
852,2046
853,4381
854,7514
855,2356
856,9222
857,4481
858,9120
859,7634
860,5232
861,9177
862,3328
863,6214
864,2504
865,9526
866,667
867,3053
868,8629
869,4512
870,3417
871,9825
872,9265
873,3850
874,8926
875,9861
876,2074
877,4554
878,3612
879,2211
880,8441
881,1576
882,9993
883,985
884,5905
885,5221
886,5379
887,430
888,1722
889,1181
890,545
891,9787
892,1102
893,4368
894,9979
895,8168
896,5635
897,7741
898,1389
899,2628
900,7595
901,6256
902,6504
903,3962
904,2856
905,9438
906,3817
907,1680
908,900
909,9934
910,8062
911,753
912,784
913,9691
914,9654
915,5678
916,9243
917,199
918,2473
919,4624
920,2741
921,4002
922,3032
923,930
924,9461
925,2028
926,7270
927,220
928,1976
929,8135
930,1399
931,1954
932,2315
933,1872
934,1799
935,9375
936,3819
937,8687
938,1023
939,4524
940,2746
941,4748
942,1043
943,8118
944,645
945,7765
946,4048
947,7887
948,2756
949,2654
950,7604
951,8403
952,9457
953,7912
954,6030
955,1533
956,3245
957,2613
958,2024
959,6699
960,2271
961,507
962,9489
963,3920
964,7854
965,1591
966,5728
967,6680
968,6353
969,7187
970,3030
971,817
972,4069
973,7195
974,2308
975,3241
976,9407
977,1533
978,5853
979,3298
980,3107
981,2480
982,2045
983,3373
984,5861
985,8054
986,7834
987,5974
988,8589
989,372
990,6921
991,1148
992,4080
993,7601
994,2228
995,1476
996,780
997,2205
998,1643
999,9550
1000,5316
1001,9637
1002,1177
1003,1352
1004,8989
1005,2036
1006,8536
1007,4273
1008,3576
1009,6908
1010,1063
1011,4897
1012,4002
1013,597
1014,6763
1015,5896
1016,9368
1017,6981
1018,7284
1019,8692
1020,3134
1021,577
1022,2642
1023,6326
1024,2850
1025,5730
1026,6727
1027,3175
1028,3629
1029,1532
1030,9822
1031,4263
1032,9610
1033,8139
1034,9037
1035,1447
1036,5898
1037,7823
1038,3335
1039,8584
1040,7542
1041,4441
1042,677
1043,6803
1044,2343
1045,8950
1046,1350
1047,1546
1048,1443
1049,6348
1050,996
1051,1422
1052,3256
1053,6755
1054,8490
1055,5907
1056,9150
1057,6918
1058,8947
1059,401
1060,440
1061,106
1062,243
1063,157
1064,4332
1065,2206
1066,9036
1067,4791
1068,1923
1069,3059
1070,7242
1071,4453
1072,8051
1073,2093
1074,7312
1075,7664
1076,3771
1077,507
1078,631
1079,9581
1080,6974
1081,7988
1082,4435
1083,7038
1084,9603
1085,6227
1086,3465
1087,1082
1088,5900
1089,5060
1090,2622
1091,7371
1092,3991
1093,559
1094,7042
1095,4710
1096,8626
1097,8757
1098,9677
1099,673
1100,2930
1101,8344
1102,488
1103,4912
1104,4197
1105,6928
1106,1359
1107,7264
1108,8197
1109,3723
1110,6357
1111,8471
1112,3200
1113,3909
1114,841
1115,8475
1116,3255
1117,4568
1118,9031
1119,9491
1120,1140
1121,8693
1122,2034
1123,1131
1124,5792
1125,1012
1126,1281
1127,156
1128,5059
1129,6584
1130,1704
1131,8443
1132,6285
1133,2535
1134,7465
1135,4976
1136,5732
1137,4489
1138,986
1139,2683
1140,7039
1141,3615
1142,8904
1143,1442
1144,9715
1145,2454
1146,6764
1147,4269
1148,7868
1149,8379
1150,5277
1151,2454
1152,3566
1153,6529
1154,7543
1155,4331
1156,1628
1157,7840
1158,6490
1159,2406
1160,8553
1161,1889
1162,1942
1163,3055
1164,861
1165,7208
1166,2261
1167,7807
1168,1994
1169,3889
1170,5977
1171,9369
1172,2143
1173,8990
1174,3881
1175,2629
1176,3997
1177,7679
1178,4838
1179,3020
1180,4761
1181,8051
1182,4754
1183,3275
1184,8689
1185,9151
1186,7283
1187,2449
1188,3251
1189,1213
1190,7589
1191,6587
1192,842
1193,5510
1194,6062
1195,9523
1196,1497
1197,8802
1198,3125
1199,4084
1200,205
1201,7183
1202,1125
1203,2834
1204,5167
1205,1377
1206,3823
1207,919
1208,5879
1209,9977
1210,2702
1211,8928
1212,2295
1213,2233
1214,6943
1215,4474
1216,7143
1217,4551
1218,8240
1219,3799
1220,3916
1221,2320
1222,9192
1223,9813
1224,2623
1225,1231
1226,4744
1227,8465
1228,1771
1229,3710
1230,768
1231,8168
1232,9943
1233,8300
1234,4533
1235,1422
1236,965
1237,8863
1238,5426
1239,6114
1240,313
1241,5452
1242,1308
1243,1794
1244,4798
1245,3365
1246,8251
1247,7787
1248,214
1249,8130
1250,5173
1251,9524
1252,81
1253,6147
1254,2845
1255,2875
1256,8640
1257,6405
1258,9213
1259,3328
1260,9529
1261,2115
1262,4527
1263,3633
1264,3134
1265,4111
1266,386
1267,4613
1268,8665
1269,7793
1270,5082
1271,2765
1272,7371
1273,9311
1274,3225
1275,5944
1276,8102
1277,9374
1278,2014
1279,8630
1280,8775
1281,9928
1282,619
1283,6367
1284,776
1285,3166
1286,7019
1287,1317
1288,8756
1289,6863
1290,9539
1291,3159
1292,1357
1293,7994
1294,1737
1295,3272
1296,5131
1297,7825
1298,7874
1299,3647
1300,597
1301,5535
1302,576
1303,1872
1304,5013
1305,4171
1306,492
1307,2379
1308,6775
1309,7517
1310,5728
1311,4403
1312,1586
1313,1856
1314,1497
1315,1138
1316,2698
1317,408
1318,7115
1319,1595
1320,3493
1321,4775
1322,805
1323,9840
1324,7037
1325,3579
1326,5590
1327,9093
1328,8101
1329,5593
1330,7808
1331,901
1332,6128
1333,6016
1334,4923
1335,3651
1336,8014
1337,55
1338,6766
1339,6627
1340,4120
1341,5001
1342,9354
1343,1723
1344,6990
1345,1539
1346,4199
1347,9012
1348,4047
1349,7626
1350,5459
1351,4917
1352,2953
1353,5250
1354,9704
1355,5314
1356,6161
1357,4893
1358,7278
1359,2321
1360,2102
1361,8209
1362,3233
1363,1581
1364,7825
1365,5885
1366,5300
1367,1998
1368,1807
1369,1628
1370,3477
1371,7049
1372,482
1373,1131
1374,7011
1375,884
1376,3989
1377,5704
1378,3966
1379,2461
1380,2831
1381,1132
1382,4078
1383,6171
1384,2361
1385,5274
1386,2406
1387,9893
1388,8755
1389,680
1390,6618
1391,5090
1392,9540
1393,8334
1394,6047
1395,961
1396,5297
1397,8349
1398,3042
1399,8329
1400,9712
1401,962
1402,2603
1403,371
1404,1101
1405,698
1406,9747
1407,9703
1408,6701
1409,5720
1410,6581
1411,9557
1412,1953
1413,3797
1414,9153
1415,2230
1416,7597
1417,9239
1418,2230
1419,1185
1420,1882
1421,4549
1422,5889
1423,9825
1424,7944
1425,1578
1426,8689
1427,9911
1428,1352
1429,2105
1430,1949
1431,4973
1432,9097
1433,4768
1434,2200
1435,6155
1436,9329
1437,9519
1438,5539
1439,1373
1440,6063
1441,3130
1442,1140
1443,6740
1444,6894
1445,5677
1446,6566
1447,9180
1448,1357
1449,6177
1450,1969
1451,7934
1452,1341
1453,7292
1454,1531
1455,7095
1456,2730
1457,2653
1458,6911
1459,4905
1460,302
1461,5176
1462,4445
1463,3472
1464,754
1465,7166
1466,866
1467,1255
1468,646
1469,1666
1470,2058
1471,2140
1472,3667
1473,1351
1474,51
1475,514
1476,6334
1477,1694
1478,6356
1479,4022
1480,1456
1481,2526
1482,493
1483,3412
1484,3365
1485,6260
1486,6913
1487,2218
1488,1666
1489,3678
1490,4241
1491,2477
1492,7962
1493,8307
1494,3723
1495,123
1496,5058
1497,1382
1498,515
1499,3665
1500,339
1501,7770
1502,3904
1503,6398
1504,6224
1505,3975
1506,731
1507,4679
1508,4921
1509,6717
1510,8259
1511,1276
1512,9136
1513,2137
1514,2757
1515,2027
1516,6762
1517,5366
1518,7866
1519,4196
1520,7639
1521,9718
1522,3056
1523,1997
1524,6117
1525,6033
1526,6062
1527,9367
1528,5810
1529,9117
1530,834
1531,1440
1532,5201
1533,6719
1534,2606
1535,7754
1536,5568
1537,9233
1538,2211
1539,6940
1540,7111
1541,2181
1542,8940
1543,6375
1544,9683
1545,7960
1546,1486
1547,1020
1548,771
1549,8474
1550,8846
1551,6780
1552,5891
1553,2173
1554,740
1555,1200
1556,824
1557,6684
1558,2974
1559,394
1560,8090
1561,8414
1562,360
1563,8236
1564,2457
1565,8427
1566,1083
1567,1799
1568,345
1569,9998
1570,1299
1571,2295
1572,560
1573,3307
1574,9222
1575,2269
1576,9042
1577,8660
1578,2722
1579,4925
1580,1674
1581,8775
1582,2310
1583,7402
1584,2316
1585,5386
1586,3523
1587,5118
1588,6872
1589,6841
1590,2900
1591,4382
1592,3170
1593,4719
1594,8172
1595,2237
1596,9136
1597,3827
1598,4719
1599,3343
1600,8164
1601,3781
1602,8116
1603,8577
1604,1659
1605,8042
1606,2393
1607,2824
1608,5509
1609,9236
1610,5816
1611,6647
1612,8949
1613,7717
1614,3800
1615,9941
1616,9627
1617,2805
1618,5415
1619,7151
1620,2256
1621,1346
1622,1207
1623,649
1624,1906
1625,888
1626,1126
1627,1066
1628,2705
1629,2114
1630,1363
1631,3641
1632,5145
1633,8271
1634,557
1635,1987
1636,8305
1637,888
1638,3134
1639,1119
1640,5267
1641,400
1642,3432
1643,1923
1644,3581
1645,5005
1646,2399
1647,3031
1648,1192
1649,823
1650,3735
1651,763
1652,7543
1653,1599
1654,1887
1655,8805
1656,273
1657,9954
1658,9391
1659,8573
1660,7667
1661,1806
1662,4717
1663,7629
1664,3600
1665,3027
1666,5366
1667,8787
1668,2666
1669,4605
1670,1356
1671,2217
1672,6854
1673,9202
1674,3243
1675,6551
1676,8058
1677,6903
1678,272
1679,1751
1680,2730
1681,472
1682,9116
1683,5018
1684,8196
1685,23
1686,2469
1687,9369
1688,2137
1689,8517
1690,9213
1691,5278
1692,4493
1693,1375
1694,3720
1695,7763
1696,8192
1697,7786
1698,7064
1699,5307
1700,4574
1701,8514
1702,2827
1703,4864
1704,1156
1705,5632
1706,7304
1707,7469
1708,3604
1709,5162
1710,4821
1711,4861
1712,5083
1713,1887
1714,2733
1715,1812
1716,9488
1717,1763
1718,800
1719,9309
1720,5408
1721,4424
1722,7387
1723,6227
1724,2392
1725,5854
1726,1465
1727,179
1728,5939
1729,1388
1730,3482
1731,9009
1732,9205
1733,4655
1734,1316
1735,9787
1736,6950
1737,4322
1738,7143
1739,8908
1740,2947
1741,8095
1742,7605
1743,3105
1744,1441
1745,8149
1746,9074
1747,5873
1748,5427
1749,8523
1750,5496
1751,344
1752,9727
1753,9091
1754,1246
1755,7605
1756,4844
1757,4067
1758,746
1759,7461
1760,8975
1761,8384
1762,5764
1763,4655
1764,9398
1765,1627
1766,1981
1767,6930
1768,900
1769,1777
1770,3137
1771,7931
1772,2014
1773,9501
1774,7113
1775,9212
1776,8421
1777,6977
1778,3171
1779,7529
1780,3221
1781,8566
1782,3797
1783,644
1784,3246
1785,6880
1786,4208
1787,2892
1788,1297
1789,325
1790,5746
1791,4177
1792,4557
1793,9662
1794,5599
1795,2604
1796,9498
1797,6287
1798,9681
1799,2685
1800,3717
1801,1908
1802,8973
1803,7204
1804,3774
1805,4205
1806,1527
1807,6820
1808,3919
1809,732
1810,6137
1811,7172
1812,7118
1813,108
1814,5408
1815,4824
1816,7540
1817,6788
1818,4696
1819,3936
1820,9935
1821,2732
1822,3113
1823,1344
1824,5060
1825,6288
1826,7986
1827,8816
1828,889
1829,2050
1830,661
1831,2660
1832,2307
1833,1573
1834,8883
1835,4990
1836,9931
1837,3591
1838,5961
1839,1554
1840,9254
1841,9182
1842,4091
1843,8027
1844,101
1845,7926
1846,1424
1847,9484
1848,9306
1849,9690
1850,9982
1851,9882
1852,3213
1853,7650
1854,6424
1855,1960
1856,750
1857,6731
1858,8469
1859,9315
1860,5387
1861,2285
1862,9171
1863,6143
1864,3156
1865,1193
1866,7643
1867,9617
1868,5389
1869,4530
1870,6919
1871,3790
1872,868
1873,6734
1874,4769
1875,4452
1876,8356
1877,588
1878,2638
1879,4904
1880,7593
1881,9400
1882,5115
1883,5472
1884,9556
1885,5228
1886,6182
1887,2706
1888,5937
1889,4106
1890,8673
1891,2956
1892,1848
1893,2456
1894,5314
1895,9942
1896,5105
1897,9674
1898,574
1899,2245
1900,4860
1901,454
1902,8903
1903,9281
1904,7551
1905,5204
1906,916
1907,2569
1908,2337
1909,9381
1910,2305
1911,581
1912,1031
1913,1606
1914,1222
1915,6588
1916,6124
1917,6645
1918,7052
1919,9479
1920,3895
1921,8931
1922,7996
1923,6965
1924,2327
1925,746
1926,4426
1927,1777
1928,7650
1929,2256
1930,4611
1931,9634
1932,719
1933,4749
1934,2275
1935,4065
1936,448
1937,8282
1938,1355
1939,5168
1940,6773
1941,7690
1942,2305
1943,761
1944,4444
1945,6637
1946,2743
1947,868
1948,4349
1949,4099
1950,3392
1951,157
1952,1942
1953,830
1954,9152
1955,5862
1956,386
1957,1899
1958,3236
1959,1352
1960,7103
1961,7123
1962,8931
1963,1376
1964,7919
1965,5660
1966,9859
1967,5096
1968,8591
1969,2597
1970,2686
1971,4035
1972,9591
1973,8850
1974,9750
1975,3373
1976,9474
1977,2229
1978,9127
1979,4322
1980,1631
1981,8046
1982,6492
1983,6302
1984,8054
1985,2372
1986,8165
1987,2533
1988,6623
1989,1684
1990,935
1991,7588
1992,3199
1993,1561
1994,6021
1995,2663
1996,1844
1997,4158
1998,4173
1999,4076
2000,3364
2001,3888
2002,358
2003,7624
2004,7457
2005,2758
2006,377
2007,25
2008,112
2009,3525
2010,5901
2011,1324
2012,6873
2013,2735
2014,7335
2015,1456
2016,9793
2017,3533
2018,1602
2019,9931
2020,2071
2021,8589
2022,876
2023,5851
2024,5260
2025,3037
2026,7217
2027,5983
2028,2150
2029,2232
2030,9131
2031,3623
2032,6807
2033,832
2034,4826
2035,1689
2036,4073
2037,334
2038,5153
2039,9846
2040,3773
2041,310
2042,4673
2043,780
2044,7717
2045,7902
2046,5530
2047,5613
2048,2606
2049,3392
2050,2111
2051,6608
2052,2033
2053,3197
2054,3337
2055,7959
2056,7724
2057,9189
2058,8863
2059,4960
2060,1693
2061,5669
2062,1109
2063,1104
2064,543
2065,8448
2066,2626
2067,2045
2068,3576
2069,753
2070,6438
2071,5642
2072,7458
2073,7007
2074,2060
2075,9961
2076,537
2077,5378
2078,1452
2079,748
2080,7060
2081,1206
2082,116
2083,3948
2084,5015
2085,1581
2086,8296
2087,7710
2088,152
2089,1226
2090,616
2091,515
2092,3137
2093,8507
2094,3409
2095,7567
2096,5781
2097,4694
2098,839
2099,2876
2100,7142
2101,9752
2102,9057
2103,9439
2104,7751
2105,5449
2106,3525
2107,1739
2108,3214
2109,4180
2110,8565
2111,2517
2112,8844
2113,870
2114,2122
2115,6168
2116,2095
2117,837
2118,9889
2119,5354
2120,7224
2121,8835
2122,979
2123,1934
2124,2345
2125,8578
2126,729
2127,8811
2128,2689
2129,4938
2130,5391
2131,1198
2132,4683
2133,8554
2134,9225
2135,9707
2136,7427
2137,4875
2138,2308
2139,6282
2140,2363
2141,8187
2142,5566
2143,8560
2144,3230
2145,6457
2146,9640
2147,3082
2148,2019
2149,6316
2150,1946
2151,3121
2152,5971
2153,808
2154,3464
2155,8571
2156,3918
2157,1971
2158,7460
2159,1550
2160,9947
2161,3653
2162,1685
2163,9627
2164,9311
2165,6639
2166,2854
2167,4136
2168,3312
2169,9166
2170,4961
2171,2126
2172,3338
2173,8464
2174,8078
2175,197
2176,8913
2177,8374
2178,5798
2179,4572
2180,5033
2181,9930
2182,2461
2183,6925
2184,4083
2185,6115
2186,7664
2187,2608
2188,6728
2189,8566
2190,459
2191,7247
2192,2426
2193,8255
2194,9502
2195,5307
2196,3945
2197,5585
2198,5553
2199,5165
2200,5652
2201,4074
2202,1349
2203,639
2204,5761
2205,8171
2206,8653
2207,3500
2208,8639
2209,2742
2210,8733
2211,6116
2212,1193
2213,9080
2214,9121
2215,1893
2216,6062
2217,2826
2218,8178
2219,4599
2220,5615
2221,6498
2222,741
2223,1046
2224,7352
2225,8031
2226,3636
2227,2054
2228,1938
2229,4150
2230,9857
2231,3378
2232,1512
2233,8294
2234,4647
2235,3253
2236,5225
2237,3187
2238,4003
2239,8221
2240,1342
2241,4784
2242,2660
2243,6028
2244,5453
2245,494
2246,6543
2247,5137
2248,4301
2249,4725
2250,3990
2251,9622
2252,6922
2253,4928
2254,714
2255,75
2256,1531
2257,6910
2258,2190
2259,5444
2260,914
2261,5958
2262,6926
2263,6879
2264,8612
2265,2395
2266,3040
2267,9768
2268,3290
2269,8720
2270,537
2271,6096
2272,7
2273,2670
2274,2339
2275,5451
2276,2571
2277,851
2278,6270
2279,216
2280,1848
2281,1933
2282,3557
2283,6663
2284,5731
2285,6807
2286,8018
2287,7911
2288,2428
2289,8996
2290,9348
2291,9421
2292,1
2293,1818
2294,8688
2295,4683
2296,4256
2297,4352
2298,6326
2299,7280
2300,8556
2301,2699
2302,8822
2303,2541
2304,1042
2305,3669
2306,8611
2307,1128
2308,3277
2309,3392
2310,6774
2311,7140
2312,5798
2313,4745
2314,9718
2315,2001
2316,8624
2317,576
2318,4454
2319,7344
2320,9859
2321,3031
2322,7071
2323,761
2324,1527
2325,4634
2326,2928
2327,560
2328,6404
2329,6782
2330,2083
2331,4022
2332,5591
2333,6844
2334,4659
2335,7724
2336,7671
2337,5231
2338,4555
2339,2637
2340,9801
2341,5148
2342,3456
2343,7900
2344,6673
2345,867
2346,7553
2347,1980
2348,8154
2349,4003
2350,8749
2351,383
2352,5992
2353,2402
2354,630
2355,4609
2356,7627
2357,2797
2358,2661
2359,9189
2360,2599
2361,9708
2362,5663
2363,8288
2364,466
2365,6666
2366,9702
2367,5493
2368,6542
2369,6676
2370,7635
2371,9617
2372,3112
2373,8640
2374,1410
2375,8169
2376,1807
2377,2640
2378,8222
2379,9616
2380,8377
2381,7575
2382,3791
2383,2716
2384,3650
2385,5131
2386,5842
2387,7867
2388,8103
2389,5723
2390,9528
2391,2771
2392,8274
2393,5027
2394,6800
2395,5671
2396,5222
2397,8702
2398,3609
2399,8913
2400,8350
2401,7499
2402,7555
2403,76
2404,2913
2405,180
2406,7126
2407,8369
2408,4729
2409,7050
2410,3430
2411,4149
2412,7620
2413,5573
2414,7701
2415,7552
2416,2474
2417,9419
2418,7369
2419,4113
2420,9793
2421,3854
2422,400
2423,7184
2424,1213
2425,7579
2426,1936
2427,5668
2428,3403
2429,2207
2430,4660
2431,262
2432,9984
2433,1837
2434,2868
2435,9318
2436,414
2437,9871
2438,9556
2439,2605
2440,247
2441,8489
2442,3728
2443,1491
2444,7413
2445,6068
2446,7222
2447,6241
2448,5529
2449,5337
2450,4885
2451,8681
2452,8274
2453,1419
2454,6309
2455,7525
2456,4320
2457,4075
2458,4663
2459,2301
2460,57
2461,8534
2462,829
2463,8270
2464,2380
2465,1234
2466,2669
2467,3783
2468,2789
2469,7769
2470,4579
2471,1429
2472,6593
2473,8757
2474,1909
2475,4850
2476,786
2477,5388
2478,1562
2479,7657
2480,5461
2481,366
2482,4141
2483,813
2484,625
2485,909
2486,5215
2487,2570
2488,8387
2489,3099
2490,811
2491,732
2492,1736
2493,1755
2494,2558
2495,6415
2496,2666
2497,6337
2498,3831
2499,9975
2500,4255
2501,8795
2502,2235
2503,2913
2504,4350
2505,1524
2506,2380
2507,3034
2508,9508
2509,8119
2510,4090
2511,1582
2512,7270
2513,2161
2514,1434
2515,4275
2516,7128
2517,5834
2518,2007
2519,8616
2520,3789
2521,8949
2522,9526
2523,3416
2524,5423
2525,2501
2526,1679
2527,9091
2528,9250
2529,3506
2530,4841
2531,4462
2532,2228
2533,589
2534,2260
2535,3274
2536,9224
2537,7873
2538,1789
2539,7683
2540,2387
2541,8171
2542,7869
2543,2554
2544,3846
2545,4715
2546,835
2547,1205
2548,5101
2549,3498
2550,1268
2551,2869
2552,8791
2553,5022
2554,3264
2555,8408
2556,680
2557,6893
2558,6950
2559,2673
2560,3963
2561,8207
2562,3659
2563,9413
2564,2860
2565,4582
2566,1319
2567,3478
2568,9269
2569,9058
2570,8400
2571,3269
2572,5895
2573,9408
2574,2891
2575,6020
2576,5963
2577,7731
2578,800
2579,9338
2580,7833
2581,6694
2582,8974
2583,4522
2584,4009
2585,9361
2586,3327
2587,9366
2588,1961
2589,7610
2590,9597
2591,9984
2592,3759
2593,3309
2594,2629
2595,5362
2596,6574
2597,463
2598,235
2599,3711
2600,430
2601,5440
2602,5486
2603,7097
2604,3543
2605,5023
2606,3309
2607,7715
2608,1214
2609,18
2610,2026
2611,938
2612,116
2613,2006
2614,3566
2615,1984
2616,715
2617,180
2618,493
2619,7241
2620,9067
2621,2821
2622,9467
2623,5834
2624,7940
2625,9095
2626,1872
2627,7374
2628,5300
2629,8943
2630,2296
2631,5067
2632,3771
2633,7554
2634,5166
2635,2069
2636,349
2637,6463
2638,5738
2639,8753
2640,615
2641,7792
2642,5752
2643,2173
2644,9942
2645,9809
2646,411
2647,110
2648,4229
2649,335
2650,9921
2651,6889
2652,2229
2653,4485
2654,1641
2655,1478
2656,8162
2657,482
2658,6515
2659,1650
2660,1396
2661,7295
2662,2183
2663,6164
2664,9939
2665,3344
2666,4568
2667,3922
2668,7295
2669,6202
2670,8186
2671,4997
2672,1998
2673,212
2674,4834
2675,6507
2676,5111
2677,8736
2678,9037
2679,203
2680,8830
2681,91
2682,9012
2683,4926
2684,7649
2685,8355
2686,5358
2687,4620
2688,3971
2689,2569
2690,6070
2691,1684
2692,7031
2693,8279
2694,9807
2695,6529
2696,240
2697,9860
2698,9669
2699,1225
2700,4102
2701,4965
2702,8358
2703,1527
2704,3851
2705,6
2706,4368
2707,3004
2708,9390
2709,5674
2710,8669
2711,5553
2712,7312
2713,1584
2714,1245
2715,9104
2716,4101
2717,5670
2718,9554
2719,4948
2720,30
2721,4018
2722,2290
2723,2110
2724,7573
2725,8446
2726,936
2727,441
2728,5560
2729,9860
2730,4220
2731,5377
2732,4761
2733,42
2734,3652
2735,2639
2736,7013
2737,5616
2738,1067
2739,792
2740,9748
2741,4072
2742,5457
2743,5895
2744,1425
2745,7125
2746,8948
2747,7239
2748,8027
2749,1463
2750,1789
2751,8598
2752,586
2753,7509
2754,5774
2755,2086
2756,9893
2757,9837
2758,2106
2759,5862
2760,4676
2761,2440
2762,5285
2763,609
2764,6466
2765,4209
2766,2862
2767,6309
2768,4677
2769,7351
2770,6650
2771,7367
2772,193
2773,5633
2774,9716
2775,2949
2776,9738
2777,898
2778,3921
2779,2747
2780,137
2781,1790
2782,7624
2783,922
2784,6080
2785,3755
2786,7666
2787,1910
2788,2369
2789,1051
2790,174
2791,2735
2792,1484
2793,6873
2794,3241
2795,9523
2796,679
2797,4034
2798,12
2799,2497
2800,7923
2801,2934
2802,6150
2803,289
2804,6237
2805,318
2806,4219
2807,4883
2808,5939
2809,4497
2810,2349
2811,9109
2812,2647
2813,3730
2814,4010
2815,3720
2816,5464
2817,4716
2818,6887
2819,9173
2820,2111
2821,4481
2822,8299
2823,4684
2824,4999
2825,2606
2826,9007
2827,2014
2828,7602
2829,9876
2830,517
2831,7612
2832,2951
2833,7491
2834,677
2835,9950
2836,3824
2837,4647
2838,5904
2839,3545
2840,1603
2841,9687
2842,2655
2843,8171
2844,3743
2845,2620
2846,7596
2847,8009
2848,6650
2849,8687
2850,1203
2851,9835
2852,2200
2853,2470
2854,2730
2855,85
2856,1055
2857,5425
2858,4047
2859,3577
2860,8937
2861,2047
2862,3953
2863,44
2864,8313
2865,5254
2866,9121
2867,5111
2868,8705
2869,627
2870,8634
2871,5535
2872,659
2873,7343
2874,2111
2875,1846
2876,5879
2877,7587
2878,9189
2879,6787
2880,4365
2881,1373
2882,6161
2883,9920
2884,9988
2885,9459
2886,9410
2887,3762
2888,4442
2889,6823
2890,1441
2891,5310
2892,2356
2893,8492
2894,5128
2895,1866
2896,7680
2897,3400
2898,6450
2899,4594
2900,7065
2901,1291
2902,3202
2903,1133
2904,9388
2905,1279
2906,5766
2907,4879
2908,4713
2909,8784
2910,6525
2911,9503
2912,1227
2913,5885
2914,614
2915,8284
2916,1563
2917,2607
2918,6747
2919,1451
2920,1233
2921,7402
2922,974
2923,1140
2924,9805
2925,1571
2926,3011
2927,4367
2928,9846
2929,977
2930,2639
2931,57
2932,2129
2933,8998
2934,94
2935,8139
2936,7492
2937,4415
2938,4747
2939,7612
2940,2939
2941,7386
2942,9804
2943,9286
2944,2202
2945,2744
2946,3964
2947,2151
2948,1748
2949,8403
2950,7309
2951,1945
2952,8156
2953,7938
2954,9581
2955,2291
2956,6426
2957,5739
2958,729
2959,3585
2960,8721
2961,9976
2962,2048
2963,3218
2964,5854
2965,8829
2966,3961
2967,9729
2968,8723
2969,9848
2970,726
2971,3223
2972,6453
2973,58
2974,619
2975,1246
2976,147
2977,4342
2978,4458
2979,6041
2980,4104
2981,6055
2982,7825
2983,6642
2984,7059
2985,3846
2986,6439
2987,1123
2988,1637
2989,941
2990,1106
2991,9242
2992,3338
2993,8726
2994,8509
2995,9703
2996,3403
2997,4119
2998,9144
2999,3831
3000,7491
3001,2546
3002,5920
3003,486
3004,5425
3005,2791
3006,3025
3007,5249
3008,7502
3009,3246
3010,2585
3011,5610
3012,6464
3013,8562
3014,7486
3015,4463
3016,2141
3017,2415
3018,6803
3019,2829
3020,6356
3021,912
3022,6663
3023,4736
3024,7849
3025,5730
3026,4702
3027,9662
3028,6975
3029,301
3030,1381
3031,3126
3032,555
3033,3188
3034,5856
3035,2707
3036,8758
3037,9835
3038,2470
3039,9301
3040,4595
3041,3896
3042,7679
3043,1042
3044,2626
3045,2717
3046,9645
3047,6312
3048,5492
3049,3877
3050,9241
3051,9895
3052,7472
3053,7645
3054,1311
3055,8221
3056,5989
3057,6901
3058,6620
3059,8849
3060,4737
3061,5527
3062,4407
3063,5668
3064,2562
3065,6023
3066,2142
3067,9861
3068,1323
3069,923
3070,4098
3071,3396
3072,2409
3073,3677
3074,9622
3075,889
3076,2358
3077,799
3078,4580
3079,1238
3080,1550
3081,335
3082,2865
3083,5946
3084,608
3085,9691
3086,8658
3087,7064
3088,4919
3089,22
3090,799
3091,5847
3092,6362
3093,8972
3094,582
3095,9803
3096,513
3097,8242
3098,1395
3099,3684
3100,2265
3101,5121
3102,5518
3103,2277
3104,3209
3105,6309
3106,1606
3107,6535
3108,5238
3109,4417
3110,2269
3111,271
3112,2644
3113,8533
3114,7332
3115,1902
3116,5662
3117,5555
3118,2009
3119,5080
3120,5848
3121,8590
3122,1549
3123,4840
3124,258
3125,836
3126,1963
3127,4785
3128,6528
3129,1678
3130,9078
3131,7047
3132,9464
3133,4213
3134,194
3135,6064
3136,5451
3137,5687
3138,7366
3139,2197
3140,1272
3141,7898
3142,6848
3143,1965
3144,5150
3145,5393
3146,5609
3147,7052
3148,8496
3149,8605
3150,1594
3151,9767
3152,6174
3153,6901
3154,9264
3155,76
3156,3569
3157,648
3158,4765
3159,1856
3160,7846
3161,2802
3162,8431
3163,120
3164,9536
3165,9310
3166,9588
3167,5164
3168,7175
3169,5884
3170,1182
3171,7689
3172,1973
3173,6595
3174,9379
3175,247
3176,7171
3177,2472
3178,6744
3179,7978
3180,6479
3181,2160
3182,9040
3183,6140
3184,113
3185,7730
3186,415
3187,6939
3188,4943
3189,5120
3190,436
3191,1470
3192,1293
3193,5495
3194,6006
3195,6974
3196,600
3197,4245
3198,6558
3199,6435
3200,1541
3201,2843
3202,6182
3203,5661
3204,3125
3205,5188
3206,3392
3207,1028
3208,5325
3209,3205
3210,4794
3211,2402
3212,2947
3213,3332
3214,8432
3215,127
3216,7003
3217,2958
3218,9251
3219,2573
3220,1763
3221,3059
3222,9049
3223,7765
3224,7115
3225,1045
3226,8900
3227,673
3228,3978
3229,9410
3230,3655
3231,7644
3232,6828
3233,4381
3234,503
3235,6055
3236,9248
3237,1076
3238,3806
3239,7742
3240,2418
3241,1197
3242,2662
3243,2570
3244,1044
3245,5795
3246,788
3247,2408
3248,4066
3249,7408
3250,7794
3251,8026
3252,2918
3253,1530
3254,370
3255,6860
3256,5145
3257,5379
3258,3056
3259,8185
3260,796
3261,3452
3262,7592
3263,4079
3264,9206
3265,4026
3266,5591
3267,2721
3268,5294
3269,5452
3270,5238
3271,9196
3272,8075
3273,4699
3274,1028
3275,4636
3276,8810
3277,5938
3278,4051
3279,1807
3280,880
3281,2241
3282,2455
3283,1642
3284,6032
3285,317
3286,3866
3287,1323
3288,335
3289,6298
3290,6659
3291,6543
3292,2615
3293,1579
3294,7543
3295,1941
3296,1657
3297,1641
3298,8977
3299,4034
3300,1558
3301,531
3302,9231
3303,1718
3304,2576
3305,9365
3306,6653
3307,9279
3308,6860
3309,6716
3310,3094
3311,204
3312,4907
3313,8792
3314,6343
3315,7365
3316,1929
3317,4067
3318,5926
3319,8474
3320,5525
3321,4545
3322,9507
3323,5609
3324,802
3325,8952
3326,1311
3327,4948
3328,590
3329,35
3330,5962
3331,9505
3332,465
3333,6786
3334,4257
3335,5316
3336,8552
3337,2723
3338,4072
3339,2778
3340,6243
3341,6567
3342,6947
3343,7624
3344,3196
3345,1342
3346,9724
3347,1971
3348,4009
3349,7380
3350,4336
3351,6545
3352,371
3353,2737
3354,9179
3355,848
3356,1623
3357,59
3358,4693
3359,4965
3360,1997
3361,6655
3362,7932
3363,408
3364,2552
3365,4016
3366,5716
3367,1982
3368,989
3369,5246
3370,3901
3371,9783
3372,7815
3373,3259
3374,4340
3375,537
3376,3450
3377,7738
3378,5101
3379,5069
3380,3335
3381,8649
3382,4879
3383,2984
3384,7952
3385,5361
3386,1024
3387,557
3388,9452
3389,411
3390,2115
3391,1376
3392,9757
3393,8054
3394,6814
3395,7454
3396,480
3397,1974
3398,5937
3399,156
3400,5525
3401,6510
3402,4532
3403,2237
3404,96
3405,7281
3406,3697
3407,5704
3408,2959
3409,8773
3410,1058
3411,1865
3412,780
3413,2826
3414,9196
3415,9991
3416,933
3417,5386
3418,2012
3419,3094
3420,795
3421,1009
3422,7696
3423,4478
3424,4568
3425,6495
3426,7849
3427,347
3428,2260
3429,6971
3430,6943
3431,1958
3432,1849
3433,3498
3434,3206
3435,7684
3436,1414
3437,5681
3438,7601
3439,5262
3440,4129
3441,2647
3442,9492
3443,401
3444,4880
3445,7582
3446,1389
3447,678
3448,7098
3449,6580
3450,4118
3451,5188
3452,1962
3453,9413
3454,2484
3455,6549
3456,3316
3457,3347
3458,1284
3459,2695
3460,795
3461,9112
3462,4919
3463,9796
3464,8609
3465,603
3466,2170
3467,9268
3468,528
3469,994
3470,5564
3471,8865
3472,7257
3473,2199
3474,74
3475,8779
3476,6747
3477,4382
3478,2493
3479,7373
3480,2119
3481,1190
3482,5398
3483,3632
3484,770
3485,1438
3486,9992
3487,9087
3488,9706
3489,153
3490,1751
3491,2634
3492,1564
3493,1221
3494,5744
3495,4222
3496,5733
3497,9624
3498,6985
3499,7429
3500,8775
3501,5085
3502,6794
3503,9851
3504,7759
3505,2142
3506,5788
3507,3473
3508,7925
3509,8481
3510,3233
3511,9925
3512,4020
3513,568
3514,4453
3515,817
3516,5466
3517,3924
3518,2355
3519,2802
3520,2562
3521,330
3522,8890
3523,6668
3524,3248
3525,8217
3526,9458
3527,7773
3528,9340
3529,7002
3530,2058
3531,6511
3532,2387
3533,9769
3534,1892
3535,770
3536,7867
3537,4595
3538,5699
3539,3785
3540,1462
3541,3392
3542,8499
3543,3556
3544,5944
3545,708
3546,426
3547,1966
3548,1340
3549,4736
3550,6941
3551,2088
3552,1363
3553,7470
3554,2886
3555,6901
3556,3263
3557,2205
3558,3029
3559,2199
3560,9600
3561,1049
3562,9573
3563,2619
3564,172
3565,6191
3566,9456
3567,6160
3568,6004
3569,1855
3570,9414
3571,6317
3572,7445
3573,6419
3574,7338
3575,1011
3576,3388
3577,543
3578,8541
3579,2369
3580,2414
3581,2762
3582,9743
3583,3319
3584,2407
3585,9804
3586,2
3587,5502
3588,529
3589,152
3590,8658
3591,2934
3592,7335
3593,252
3594,9490
3595,2991
3596,1370
3597,3750
3598,3945
3599,1468
3600,7412
3601,858
3602,7085
3603,8804
3604,3627
3605,7585
3606,4030
3607,1483
3608,9736
3609,884
3610,1798
3611,2913
3612,8681
3613,7913
3614,9216
3615,2089
3616,2644
3617,7437
3618,4279
3619,7469
3620,8237
3621,8979
3622,4400
3623,2928
3624,8490
3625,3275
3626,618
3627,4932
3628,6724
3629,2871
3630,2276
3631,9661
3632,2449
3633,411
3634,2176
3635,9046
3636,7568
3637,9011
3638,1480
3639,7842
3640,724
3641,4408
3642,9278
3643,5622
3644,4405
3645,1126
3646,744
3647,437
3648,1379
3649,3416
3650,1371
3651,635
3652,7245
3653,2165
3654,3543
3655,3279
3656,4129
3657,2352
3658,2308
3659,1347
3660,1252
3661,5002
3662,8299
3663,4621
3664,9364
3665,9498
3666,5928
3667,4907
3668,28
3669,8304
3670,5055
3671,482
3672,2744
3673,6742
3674,604
3675,1512
3676,9818
3677,4360
3678,9407
3679,9619
3680,268
3681,9894
3682,6408
3683,3969
3684,983
3685,4215
3686,768
3687,2601
3688,4899
3689,960
3690,4456
3691,7970
3692,5936
3693,2614
3694,2789
3695,4979
3696,8757
3697,8976
3698,1197
3699,8155
3700,6038
3701,1328
3702,7051
3703,706
3704,6235
3705,5380
3706,8713
3707,8271
3708,6655
3709,600
3710,1678
3711,107
3712,1623
3713,1966
3714,8902
3715,965
3716,8852
3717,7889
3718,3218
3719,3192
3720,9338
3721,3382
3722,271
3723,603
3724,3265
3725,6435
3726,3451
3727,279
3728,9115
3729,2645
3730,8613
3731,9550
3732,6600
3733,7741
3734,3924
3735,1801
3736,5063
3737,5226
3738,4316
3739,5347
3740,8158
3741,3853
3742,3724
3743,8821
3744,4571
3745,3833
3746,7835
3747,7953
3748,684
3749,9738
3750,4965
3751,3795
3752,3868
3753,9607
3754,3504
3755,6180
3756,1695
3757,3755
3758,7684
3759,4817
3760,8512
3761,640
3762,3818
3763,6524
3764,4216
3765,989
3766,4595
3767,737
3768,5442
3769,5826
3770,4205
3771,8860
3772,3533
3773,9152
3774,1410
3775,1897
3776,1666
3777,9871
3778,6577
3779,5164
3780,1654
3781,4570
3782,1473
3783,7906
3784,4498
3785,4270
3786,3987
3787,6167
3788,6721
3789,115
3790,4280
3791,9337
3792,2906
3793,6042
3794,6835
3795,1037
3796,2895
3797,8
3798,9376
3799,2001
3800,5941
3801,6897
3802,1252
3803,3922
3804,6261
3805,9785
3806,4759
3807,1919
3808,2274
3809,6327
3810,3504
3811,4589
3812,4604
3813,987
3814,7903
3815,9932
3816,5124
3817,6641
3818,9329
3819,394
3820,1505
3821,9318
3822,4495
3823,3799
3824,3378
3825,6570
3826,9928
3827,3417
3828,9845
3829,295
3830,8273
3831,993
3832,248
3833,4498
3834,570
3835,2317
3836,254
3837,2831
3838,723
3839,8991
3840,6420
3841,2393
3842,3070
3843,6590
3844,6644
3845,5842
3846,1878
3847,9035
3848,1993
3849,632
3850,449
3851,1527
3852,4549
3853,6186
3854,3746
3855,4611
3856,3360
3857,4585
3858,4210
3859,4057
3860,2082
3861,2834
3862,8224
3863,9561
3864,2706
3865,3162
3866,8886
3867,7589
3868,1999
3869,6395
3870,3182
3871,8593
3872,6479
3873,9135
3874,4741
3875,9894
3876,3623
3877,7018
3878,5183
3879,822
3880,6475
3881,332
3882,4347
3883,7829
3884,9254
3885,4871
3886,9912
3887,7398
3888,4171
3889,9855
3890,8568
3891,1715
3892,4285
3893,2400
3894,5860
3895,7073
3896,7245
3897,3764
3898,7937
3899,7187
3900,1186
3901,9604
3902,8481
3903,3726
3904,4413
3905,9486
3906,2364
3907,4989
3908,2893
3909,6185
3910,993
3911,7349
3912,5056
3913,8933
3914,3032
3915,4860
3916,8828
3917,9478
3918,6730
3919,9766
3920,9485
3921,4019
3922,7970
3923,2448
3924,943
3925,4793
3926,1974
3927,6577
3928,7375
3929,7350
3930,8305
3931,3085
3932,701
3933,2611
3934,4355
3935,3836
3936,8372
3937,9329
3938,6492
3939,6267
3940,7773
3941,3271
3942,7716
3943,9889
3944,2113
3945,2570
3946,7358
3947,6548
3948,9678
3949,671
3950,8702
3951,236
3952,8092
3953,4429
3954,5161
3955,7913
3956,5280
3957,4071
3958,1516
3959,4801
3960,2801
3961,9608
3962,5584
3963,8397
3964,6009
3965,1055
3966,5468
3967,4820
3968,558
3969,6414
3970,4828
3971,8184
3972,5857
3973,1997
3974,5152
3975,1696
3976,4374
3977,6484
3978,8728
3979,2421
3980,2486
3981,7369
3982,8958
3983,2081
3984,1137
3985,2006
3986,8964
3987,5364
3988,952
3989,847
3990,4672
3991,5993
3992,43
3993,867
3994,4214
3995,3529
3996,3006
3997,9905
3998,1717
3999,1791
4000,1057
4001,5901
4002,84
4003,8028
4004,703
4005,1571
4006,5566
4007,6939
4008,8151
4009,8858
4010,6315
4011,6535
4012,6666
4013,5053
4014,322
4015,2251
4016,420
4017,614
4018,5979
4019,2123
4020,1423
4021,3996
4022,5786
4023,5314
4024,740
4025,4399
4026,9177
4027,7259
4028,1859
4029,9617
4030,6085
4031,6308
4032,613
4033,359
4034,5516
4035,5919
4036,4608
4037,4992
4038,5381
4039,74
4040,411
4041,2517
4042,8145
4043,4082
4044,371
4045,4690
4046,2544
4047,5220
4048,93
4049,1524
4050,1655
4051,6645
4052,8892
4053,7876
4054,593
4055,9906
4056,4422
4057,7043
4058,467
4059,5658
4060,8706
4061,4438
4062,5092
4063,7450
4064,4020
4065,1460
4066,7693
4067,4809
4068,6908
4069,1821
4070,5181
4071,934
4072,6012
4073,9389
4074,17
4075,3086
4076,7721
4077,1041
4078,2306
4079,3603
4080,1124
4081,5113
4082,9215
4083,9145
4084,5993
4085,6175
4086,61
4087,6131
4088,5735
4089,4120
4090,2459
4091,5933
4092,1185
4093,9640
4094,8347
4095,9675
4096,9493
4097,3819
4098,2030
4099,6018
4100,139
4101,4337
4102,783
4103,4101
4104,3856
4105,4345
4106,1043
4107,1636
4108,2644
4109,4353
4110,3215
4111,1999
4112,672
4113,7469
4114,2427
4115,977
4116,5164
4117,8070
4118,6550
4119,4027
4120,6144
4121,53
4122,1770
4123,2590
4124,1209
4125,5985
4126,689
4127,4958
4128,4831
4129,9460
4130,3415
4131,8163
4132,5573
4133,8613
4134,9394
4135,6145
4136,6272
4137,6897
4138,3648
4139,6186
4140,6731
4141,4203
4142,8576
4143,4226
4144,8250
4145,8247
4146,1140
4147,3556
4148,7582
4149,3761
4150,2117
4151,1156
4152,3305
4153,3907
4154,1095
4155,2964
4156,1122
4157,3558
4158,3886
4159,1722
4160,5723
4161,9513
4162,1121
4163,5458
4164,8753
4165,4512
4166,2382
4167,4544
4168,5172
4169,1199
4170,8031
4171,489
4172,1383
4173,5655
4174,5852
4175,3315
4176,186
4177,5583
4178,5745
4179,6666
4180,4855
4181,7
4182,8513
4183,3220
4184,1689
4185,4921
4186,6442
4187,8295
4188,308
4189,7938
4190,1099
4191,4841
4192,209
4193,2512
4194,2195
4195,7720
4196,1192
4197,7387
4198,6348
4199,8764
4200,3123
4201,6040
4202,3240
4203,3898
4204,1201
4205,7564
4206,9435
4207,8746
4208,3464
4209,3950
4210,9946
4211,7387
4212,1166
4213,1825
4214,8882
4215,677
4216,890
4217,6976
4218,4363
4219,8815
4220,1350
4221,2955
4222,718
4223,8402
4224,4216
4225,9937
4226,1462
4227,7598
4228,8674
4229,6382
4230,2051
4231,252
4232,2279
4233,391
4234,8868
4235,4131
4236,2286
4237,4275
4238,3414
4239,1983
4240,2956
4241,764
4242,2455
4243,1167
4244,1133
4245,6950
4246,8832
4247,7662
4248,1154
4249,1360
4250,4723
4251,5892
4252,6642
4253,4537
4254,2530
4255,5709
4256,3258
4257,9605
4258,9824
4259,7802
4260,183
4261,4432
4262,1643
4263,1367
4264,2678
4265,7857
4266,9514
4267,6206
4268,2249
4269,6691
4270,8803
4271,5402
4272,349
4273,5312
4274,9137
4275,3518
4276,3642
4277,5215
4278,8132
4279,5830
4280,6778
4281,1232
4282,7929
4283,6494
4284,9006
4285,5797
4286,3244
4287,2050
4288,733
4289,9507
4290,4267
4291,6646
4292,8975
4293,9961
4294,5277
4295,9223
4296,3945
4297,1153
4298,1394
4299,7970
4300,7433
4301,6741
4302,781
4303,6131
4304,756
4305,1523
4306,2559
4307,5552
4308,3550
4309,4707
4310,6246
4311,2215
4312,1018
4313,7161
4314,4934
4315,4885
4316,5539
4317,1943
4318,2038
4319,857
4320,7930
4321,7812
4322,6782
4323,8041
4324,7041
4325,5186
4326,1728
4327,7379
4328,3592
4329,1469
4330,8501
4331,8406
4332,149
4333,1840
4334,6985
4335,514
4336,3337
4337,3500
4338,4138
4339,8445
4340,7217
4341,1771
4342,4028
4343,6904
4344,5642
4345,7122
4346,5537
4347,929
4348,9305
4349,902
4350,9479
4351,3083
4352,2953
4353,1792
4354,8210
4355,5963
4356,5110
4357,6115
4358,6700
4359,5843
4360,9786
4361,6333
4362,5370
4363,1028
4364,9750
4365,8733
4366,6449
4367,1343
4368,3444
4369,7220
4370,1368
4371,1742
4372,5274
4373,1007
4374,7568
4375,2593
4376,1378
4377,6500
4378,4546
4379,2859
4380,4871
4381,4394
4382,5831
4383,8894
4384,4562
4385,6126
4386,1630
4387,9987
4388,5414
4389,4244
4390,1129
4391,6607
4392,1977
4393,682
4394,2617
4395,483
4396,6020
4397,4115
4398,7900
4399,7859
4400,477
4401,1603
4402,6755
4403,5049
4404,8787
4405,6342
4406,4345
4407,5034
4408,8537
4409,2550
4410,2849
4411,6201
4412,1079
4413,701
4414,1055
4415,9371
4416,6637
4417,5671
4418,7274
4419,2523
4420,1689
4421,2091
4422,1808
4423,5343
4424,8571
4425,6860
4426,4171
4427,5947
4428,8551
4429,9547
4430,6994
4431,8516
4432,27
4433,9136
4434,8883
4435,807
4436,5858
4437,7193
4438,1536
4439,891
4440,4248
4441,9937
4442,1879
4443,2085
4444,7199
4445,820
4446,6502
4447,346
4448,2641
4449,7154
4450,2079
4451,6042
4452,8103
4453,1507
4454,6296
4455,2475
4456,2025
4457,1850
4458,8966
4459,500
4460,7367
4461,1005
4462,9084
4463,3755
4464,1736
4465,788
4466,9646
4467,9825
4468,560
4469,3999
4470,3243
4471,3276
4472,4599
4473,733
4474,9147
4475,4469
4476,2312
4477,2314
4478,8757
4479,1332
4480,3927
4481,4712
4482,4595
4483,4152
4484,8631
4485,4290
4486,8010
4487,2107
4488,2683
4489,5581
4490,2021
4491,1750
4492,9531
4493,2096
4494,3681
4495,7697
4496,3130
4497,9398
4498,8718
4499,205
4500,1237
4501,993
4502,500
4503,54
4504,9726
4505,1649
4506,7173
4507,147
4508,5930
4509,5461
4510,258
4511,3823
4512,9735
4513,7121
4514,3921
4515,7757
4516,3219
4517,8801
4518,60
4519,4792
4520,1545
4521,1548
4522,4429
4523,2905
4524,8077
4525,6381
4526,7225
4527,6444
4528,9626
4529,9678
4530,1851
4531,5653
4532,9433
4533,7894
4534,1267
4535,2767
4536,7653
4537,4037
4538,4558
4539,4277
4540,1837
4541,5405
4542,1447
4543,1301
4544,8889
4545,564
4546,9694
4547,593
4548,3313
4549,4423
4550,5256
4551,8600
4552,3658
4553,8960
4554,5064
4555,8309
4556,4771
4557,8443
4558,5853
4559,2550
4560,8991
4561,3750
4562,5339
4563,8240
4564,963
4565,983
4566,7663
4567,2176
4568,1523
4569,9426
4570,5981
4571,9317
4572,8088
4573,4475
4574,6923
4575,2621
4576,5333
4577,5865
4578,4868
4579,4765
4580,3562
4581,1564
4582,6102
4583,2516
4584,7496
4585,6129
4586,3341
4587,4066
4588,2886
4589,2195
4590,2628
4591,550
4592,4115
4593,3908
4594,6024
4595,1797
4596,381
4597,4796
4598,7040
4599,1026
4600,9601
4601,1216
4602,3898
4603,554
4604,3172
4605,1559
4606,2679
4607,2462
4608,898
4609,1257
4610,5706
4611,2439
4612,5653
4613,8890
4614,3725
4615,1973
4616,1113
4617,7078
4618,7524
4619,7416
4620,7197
4621,1500
4622,2006
4623,3123
4624,236
4625,7088
4626,9594
4627,9598
4628,973
4629,4892
4630,8142
4631,5739
4632,5271
4633,2983
4634,1309
4635,4411
4636,9849
4637,2104
4638,2706
4639,8114
4640,9770
4641,2380
4642,6248
4643,8616
4644,12
4645,8855
4646,1717
4647,9921
4648,454
4649,9399
4650,886
4651,5664
4652,8450
4653,2319
4654,6444
4655,6007
4656,3251
4657,2099
4658,3975
4659,1138
4660,4764
4661,7855
4662,6642
4663,1957
4664,1501
4665,7405
4666,4527
4667,4610
4668,2383
4669,1511
4670,4084
4671,7152
4672,8483
4673,3977
4674,9383
4675,3896
4676,261
4677,2171
4678,6134
4679,226
4680,3815
4681,6398
4682,10
4683,1712
4684,8891
4685,3332
4686,4253
4687,3081
4688,5872
4689,5157
4690,8713
4691,2585
4692,5282
4693,1294
4694,5139
4695,7302
4696,4683
4697,7341
4698,5944
4699,7702
4700,8238
4701,1739
4702,4662
4703,8064
4704,6998
4705,3737
4706,3006
4707,1712
4708,9834
4709,6111
4710,8888
4711,5967
4712,7379
4713,480
4714,3097
4715,8530
4716,9505
4717,4242
4718,8977
4719,209
4720,1467
4721,2653
4722,1127
4723,171
4724,326
4725,6609
4726,8697
4727,5848
4728,8024
4729,3053
4730,8494
4731,8607
4732,4686
4733,1309
4734,911
4735,1322
4736,9322
4737,3988
4738,3861
4739,8326
4740,2593
4741,666
4742,4356
4743,2207
4744,6916
4745,7000
4746,5049
4747,7452
4748,2780
4749,4082
4750,8320
4751,2471
4752,5756
4753,2851
4754,6314
4755,7424
4756,5362
4757,687
4758,1004
4759,8114
4760,2622
4761,9445
4762,2891
4763,9541
4764,9430
4765,5925
4766,1767
4767,3846
4768,121
4769,1697
4770,3701
4771,2836
4772,9442
4773,2389
4774,9378
4775,7692
4776,6080
4777,411
4778,7924
4779,9880
4780,2708
4781,1835
4782,6915
4783,1395
4784,2346
4785,1425
4786,984
4787,1776
4788,8428
4789,6977
4790,981
4791,3835
4792,4691
4793,6063
4794,8694
4795,1088
4796,4447
4797,6154
4798,326
4799,4540
4800,6409
4801,8472
4802,5893
4803,2705
4804,4487
4805,8856
4806,2184
4807,5917
4808,3648
4809,5348
4810,3249
4811,44
4812,3712
4813,3046
4814,9089
4815,4957
4816,1662
4817,8684
4818,6860
4819,2419
4820,7997
4821,4415
4822,1707
4823,4733
4824,5568
4825,7088
4826,471
4827,6665
4828,449
4829,2516
4830,6613
4831,5988
4832,3091
4833,3330
4834,6045
4835,9924
4836,3334
4837,5898
4838,5168
4839,1290
4840,3516
4841,1081
4842,1401
4843,546
4844,26
4845,7050
4846,563
4847,3117
4848,4784
4849,2351
4850,1739
4851,2449
4852,6813
4853,5728
4854,3191
4855,8975
4856,8941
4857,9650
4858,1639
4859,9750
4860,9652
4861,7628
4862,7579
4863,2758
4864,7423
4865,5463
4866,1382
4867,7623
4868,8633
4869,372
4870,3185
4871,5739
4872,1931
4873,4290
4874,8835
4875,8513
4876,1848
4877,8672
4878,9519
4879,7819
4880,680
4881,2016
4882,1199
4883,9491
4884,6355
4885,4668
4886,2368
4887,8409
4888,6385
4889,7213
4890,3389
4891,2192
4892,7471
4893,4058
4894,2641
4895,3098
4896,1781
4897,398
4898,1367
4899,6225
4900,694
4901,2925
4902,788
4903,9336
4904,3031
4905,3528
4906,4247
4907,4977
4908,8115
4909,6527
4910,8304
4911,1920
4912,2366
4913,215
4914,2431
4915,5071
4916,6841
4917,6012
4918,334
4919,9635
4920,1830
4921,8953
4922,2994
4923,3135
4924,9132
4925,933
4926,7069
4927,2776
4928,893
4929,6608
4930,4312
4931,7290
4932,6870
4933,2462
4934,3920
4935,6905
4936,534
4937,7523
4938,5182
4939,5498
4940,9267
4941,7488
4942,1723
4943,7490
4944,1817
4945,4125
4946,9331
4947,2478
4948,9989
4949,2792
4950,649
4951,2933
4952,1554
4953,381
4954,5500
4955,92
4956,7521
4957,1174
4958,6905
4959,8473
4960,7374
4961,9972
4962,9073
4963,9674
4964,3248
4965,1679
4966,5453
4967,9718
4968,6049
4969,9642
4970,2495
4971,4003
4972,4480
4973,4987
4974,5978
4975,1354
4976,2291
4977,26
4978,2948
4979,8905
4980,6256
4981,7367
4982,6570
4983,6104
4984,2494
4985,7185
4986,9269
4987,6173
4988,8103
4989,420
4990,6813
4991,6083
4992,6193
4993,5475
4994,587
4995,7833
4996,4654
4997,8759
4998,723
4999,1031
5000,6304
5001,5126
5002,2050
5003,7254
5004,1665
5005,5175
5006,6964
5007,1249
5008,7698
5009,4373
5010,2105
5011,6070
5012,7602
5013,9282
5014,7208
5015,2322
5016,1170
5017,5230
5018,8741
5019,9020
5020,6774
5021,872
5022,1151
5023,3488
5024,2974
5025,1044
5026,6029
5027,9055
5028,7414
5029,8446
5030,6459
5031,7780
5032,3147
5033,4926
5034,1327
5035,2075
5036,239
5037,3533
5038,4737
5039,2429
5040,9839
5041,3799
5042,634
5043,4063
5044,9187
5045,2945
5046,9676
5047,2284
5048,1989
5049,2252
5050,6130
5051,4640
5052,934
5053,5754
5054,1209
5055,2246
5056,7389
5057,3712
5058,4192
5059,692
5060,3825
5061,3742
5062,1852
5063,8886
5064,777
5065,6331
5066,47
5067,6424
5068,8354
5069,1028
5070,1818
5071,8296
5072,7330
5073,4039
5074,1216
5075,8571
5076,3210
5077,2714
5078,2476
5079,366
5080,4481
5081,7858
5082,9734
5083,7408
5084,9486
5085,9313
5086,2435
5087,3135
5088,5302
5089,687
5090,4411
5091,4000
5092,455
5093,8668
5094,254
5095,6947
5096,1284
5097,6805
5098,9545
5099,5558
5100,2898
5101,9653
5102,4886
5103,4233
5104,2210
5105,1006
5106,2610
5107,2577
5108,609
5109,2280
5110,3810
5111,5697
5112,7756
5113,7369
5114,2856
5115,8998
5116,2839
5117,1286
5118,5507
5119,1682
5120,6624
5121,9352
5122,3798
5123,1995
5124,2608
5125,1043
5126,4714
5127,9317
5128,9106
5129,8451
5130,6165
5131,4797
5132,5031
5133,5191
5134,7549
5135,375
5136,3336
5137,2483
5138,3048
5139,4667
5140,5518
5141,817
5142,1574
5143,1083
5144,1583
5145,2440
5146,7649
5147,3913
5148,4602
5149,736
5150,9731
5151,4326
5152,4692
5153,3428
5154,5545
5155,8830
5156,8787
5157,6936
5158,9671
5159,7026
5160,3804
5161,781
5162,2332
5163,3366
5164,9112
5165,4451
5166,343
5167,7772
5168,7453
5169,9199
5170,7914
5171,1792
5172,1882
5173,8526
5174,2286
5175,3014
5176,8082
5177,4904
5178,9576
5179,5025
5180,5420
5181,2216
5182,4106
5183,9493
5184,2426
5185,6810
5186,3389
5187,5951
5188,7306
5189,678
5190,2029
5191,3092
5192,7290
5193,717
5194,1013
5195,5015
5196,1007
5197,2497
5198,3501
5199,6687
5200,9191
5201,986
5202,4833
5203,8200
5204,1308
5205,2166
5206,4932
5207,8264
5208,1724
5209,4000
5210,9109
5211,2502
5212,9144
5213,4069
5214,97
5215,2054
5216,7866
5217,3571
5218,4377
5219,3175
5220,9675
5221,3155
5222,2853
5223,4209
5224,2131
5225,4280
5226,1257
5227,1865
5228,850
5229,8184
5230,1414
5231,2136
5232,2766
5233,5083
5234,4740
5235,971
5236,750
5237,1218
5238,960
5239,1755
5240,2103
5241,841
5242,5569
5243,7647
5244,3893
5245,128
5246,7791
5247,8865
5248,4172
5249,6886
5250,6101
5251,383
5252,6143
5253,743
5254,5670
5255,9059
5256,7713
5257,441
5258,4350
5259,3333
5260,4746
5261,5857
5262,8171
5263,7279
5264,284
5265,8907
5266,4652
5267,1089
5268,9286
5269,1721
5270,440
5271,390
5272,2233
5273,9483
5274,8818
5275,6295
5276,6522
5277,784
5278,9740
5279,462
5280,5160
5281,108
5282,2234
5283,8590
5284,1230
5285,9147
5286,5400
5287,5537
5288,6842
5289,2805
5290,8734
5291,2737
5292,7535
5293,9187
5294,2019
5295,28
5296,8967
5297,1745
5298,2128
5299,5762
5300,8574
5301,3508
5302,5910
5303,289
5304,6411
5305,3085
5306,6499
5307,5411
5308,2624
5309,7454
5310,5424
5311,9365
5312,8693
5313,3997
5314,1455
5315,7803
5316,959
5317,4023
5318,6660
5319,5219
5320,9143
5321,6855
5322,9553
5323,5159
5324,2792
5325,4567
5326,902
5327,279
5328,5625
5329,7526
5330,2504
5331,1638
5332,3468
5333,6362
5334,1297
5335,9556
5336,2357
5337,2216
5338,5097
5339,2028
5340,6527
5341,9810
5342,1252
5343,7310
5344,3292
5345,8416
5346,1292
5347,7472
5348,9020
5349,354
5350,993
5351,7200
5352,4896
5353,8245
5354,3565
5355,6814
5356,1134
5357,4948
5358,2460
5359,1608
5360,7720
5361,353
5362,9964
5363,2661
5364,3097
5365,2164
5366,5762
5367,4438
5368,143
5369,2083
5370,1646
5371,6010
5372,4063
5373,5779
5374,559
5375,9713
5376,2597
5377,3406
5378,2586
5379,6036
5380,4443
5381,8613
5382,6871
5383,5954
5384,3964
5385,39
5386,844
5387,6750
5388,842
5389,1539
5390,2958
5391,1271
5392,5069
5393,6203
5394,9237
5395,72
5396,2556
5397,1050
5398,9856
5399,1473
5400,4961
5401,839
5402,8185
5403,53
5404,2568
5405,2618
5406,842
5407,6743
5408,2600
5409,9182
5410,8416
5411,8606
5412,3925
5413,5831
5414,9694
5415,9008
5416,6869
5417,1638
5418,6469
5419,1310
5420,5538
5421,9339
5422,3891
5423,6812
5424,9839
5425,1227
5426,58
5427,1781
5428,8447
5429,5875
5430,1059
5431,5340
5432,4354
5433,2971
5434,8370
5435,5222
5436,5345
5437,3070
5438,9292
5439,9478
5440,7180
5441,2297
5442,3478
5443,2056
5444,8434
5445,4529
5446,1791
5447,9266
5448,945
5449,3690
5450,1601
5451,744
5452,974
5453,8838
5454,3684
5455,3920
5456,4856
5457,6218
5458,9315
5459,4693
5460,6104
5461,1591
5462,2083
5463,5472
5464,6523
5465,8680
5466,6402
5467,9875
5468,4435
5469,904
5470,5565
5471,3751
5472,2571
5473,5014
5474,244
5475,7161
5476,442
5477,1019
5478,5185
5479,4385
5480,6953
5481,7642
5482,711
5483,9827
5484,8248
5485,4313
5486,2151
5487,265
5488,2526
5489,3840
5490,7833
5491,2385
5492,9600
5493,8640
5494,8729
5495,515
5496,3716
5497,4502
5498,1488
5499,742
5500,6150
5501,8143
5502,5173
5503,1843
5504,7355
5505,8702
5506,35
5507,9225
5508,1156
5509,2636
5510,6061
5511,1235
5512,2469
5513,655
5514,8815
5515,8935
5516,8887
5517,6606
5518,8806
5519,2737
5520,378
5521,6932
5522,3587
5523,191
5524,7279
5525,1252
5526,7564
5527,30
5528,7141
5529,9916
5530,4452
5531,1845
5532,5538
5533,3372
5534,1629
5535,5248
5536,8005
5537,4904
5538,6410
5539,1920
5540,7753
5541,7740
5542,7529
5543,5905
5544,8493
5545,1760
5546,4241
5547,4044
5548,5922
5549,9277
5550,2857
5551,7438
5552,1060
5553,5743
5554,2329
5555,7353
5556,685
5557,6379
5558,3781
5559,3865
5560,9286
5561,6274
5562,1127
5563,1114
5564,3615
5565,6198
5566,2604
5567,9144
5568,8881
5569,7037
5570,9010
5571,1750
5572,1682
5573,180
5574,5167
5575,8163
5576,72
5577,7398
5578,5862
5579,1195
5580,1122
5581,6909
5582,438
5583,6922
5584,7876
5585,9624
5586,4820
5587,7638
5588,2865
5589,5838
5590,2266
5591,7245
5592,3294
5593,2337
5594,6192
5595,5467
5596,5668
5597,1719
5598,4394
5599,6225
5600,1158
5601,8693
5602,3553
5603,5284
5604,356
5605,5900
5606,5943
5607,6994
5608,2912
5609,8649
5610,5861
5611,4794
5612,527
5613,3415
5614,4615
5615,187
5616,5409
5617,872
5618,3435
5619,3181
5620,3908
5621,8628
5622,373
5623,2912
5624,198
5625,7041
5626,9335
5627,8498
5628,187
5629,8820
5630,4063
5631,7333
5632,6670
5633,8103
5634,6306
5635,224
5636,5466
5637,3563
5638,3751
5639,3364
5640,603
5641,1232
5642,6967
5643,9314
5644,6144
5645,5427
5646,9844
5647,987
5648,7205
5649,3654
5650,8326
5651,8952
5652,4335
5653,3078
5654,1310
5655,59
5656,614
5657,5658
5658,6325
5659,1094
5660,5466
5661,7415
5662,4532
5663,827
5664,2367
5665,5372
5666,8538
5667,8803
5668,4667
5669,90
5670,4953
5671,7459
5672,3554
5673,3811
5674,754
5675,9291
5676,8719
5677,3368
5678,5811
5679,6753
5680,3622
5681,2315
5682,2958
5683,2750
5684,6168
5685,5772
5686,9051
5687,4327
5688,278
5689,6402
5690,6240
5691,4207
5692,234
5693,1208
5694,6721
5695,5979
5696,2018
5697,779
5698,5907
5699,1622
5700,4350
5701,4497
5702,69
5703,373
5704,5597
5705,4156
5706,8272
5707,398
5708,3266
5709,8686
5710,3598
5711,4133
5712,141
5713,303
5714,4106
5715,7975
5716,5703
5717,7085
5718,662
5719,571
5720,46
5721,2132
5722,5939
5723,2693
5724,258
5725,9390
5726,7404
5727,4044
5728,2815
5729,2013
5730,3540
5731,2111
5732,5180
5733,5751
5734,3777
5735,724
5736,7379
5737,7440
5738,7721
5739,8369
5740,8002
5741,3854
5742,6748
5743,6223
5744,130
5745,1241
5746,6322
5747,5323
5748,2438
5749,114
5750,1207
5751,2862
5752,1429
5753,3110
5754,1123
5755,5936
5756,1740
5757,2178
5758,5823
5759,8264
5760,4302
5761,8633
5762,949
5763,9304
5764,3789
5765,9380
5766,3223
5767,807
5768,7438
5769,3482
5770,6771
5771,1774
5772,5415
5773,2368
5774,198
5775,871
5776,6540
5777,8930
5778,238
5779,6626
5780,2907
5781,50
5782,7140
5783,4490
5784,9989
5785,4240
5786,2506
5787,6152
5788,7918
5789,9116
5790,3681
5791,5558
5792,8374
5793,376
5794,2655
5795,9527
5796,8313
5797,9169
5798,9711
5799,2133
5800,2196
5801,2271
5802,1944
5803,9243
5804,9497
5805,8747
5806,4115
5807,9605
5808,2981
5809,3505
5810,2567
5811,1012
5812,6848
5813,4806
5814,7383
5815,5190
5816,1940
5817,2299
5818,6879
5819,6693
5820,769
5821,2467
5822,8539
5823,9294
5824,4817
5825,6082
5826,953
5827,7478
5828,5624
5829,2694
5830,1471
5831,9896
5832,4894
5833,2906
5834,304
5835,7778
5836,7440
5837,8536
5838,4523
5839,401
5840,5411
5841,8047
5842,9492
5843,8745
5844,5499
5845,6085
5846,2247
5847,3914
5848,1387
5849,4239
5850,1579
5851,8207
5852,8237
5853,5519
5854,5955
5855,7593
5856,5765
5857,7534
5858,5291
5859,683
5860,1329
5861,8554
5862,9201
5863,9575
5864,2196
5865,193
5866,2225
5867,7210
5868,707
5869,2766
5870,5446
5871,3219
5872,2143
5873,275
5874,1582
5875,1849
5876,1604
5877,6616
5878,1741
5879,8830
5880,9250
5881,7187
5882,2788
5883,6942
5884,5306
5885,8121
5886,116
5887,2253
5888,5707
5889,8388
5890,1821
5891,6736
5892,2541
5893,838
5894,2220
5895,2026
5896,349
5897,8044
5898,1397
5899,202
5900,2267
5901,4566
5902,9533
5903,7235
5904,6609
5905,2550
5906,7179
5907,6253
5908,9413
5909,151
5910,2800
5911,4554
5912,9872
5913,1840
5914,6164
5915,1979
5916,160
5917,2841
5918,435
5919,4291
5920,2554
5921,2477
5922,5544
5923,4364
5924,7876
5925,193
5926,2313
5927,5625
5928,3491
5929,7780
5930,6515
5931,5020
5932,5520
5933,9784
5934,4663
5935,5305
5936,2897
5937,1872
5938,7941
5939,5179
5940,6373
5941,8697
5942,2056
5943,7686
5944,1647
5945,142
5946,1747
5947,2460
5948,9718
5949,4342
5950,7722
5951,3939
5952,8268
5953,2737
5954,4772
5955,6823
5956,9150
5957,8292
5958,8190
5959,2428
5960,2572
5961,2593
5962,7892
5963,4455
5964,6442
5965,8059
5966,108
5967,7806
5968,1910
5969,8184
5970,3300
5971,220
5972,1435
5973,823
5974,7533
5975,8506
5976,9157
5977,7604
5978,4583
5979,8666
5980,5173
5981,7241
5982,9712
5983,3414
5984,5463
5985,5048
5986,8359
5987,8505
5988,5219
5989,5062
5990,2726
5991,3707
5992,4737
5993,1386
5994,3615
5995,7971
5996,1441
5997,4519
5998,2069
5999,488
6000,2441
6001,7766
6002,1534
6003,265
6004,592
6005,3352
6006,2488
6007,9278
6008,3803
6009,9914
6010,3034
6011,942
6012,9221
6013,5482
6014,3837
6015,5842
6016,1877
6017,7160
6018,5707
6019,8330
6020,906
6021,8689
6022,1254
6023,2718
6024,3946
6025,6632
6026,2316
6027,6792
6028,1196
6029,6389
6030,1977
6031,9393
6032,8402
6033,9843
6034,1469
6035,5336
6036,268
6037,1365
6038,8800
6039,8714
6040,2105
6041,169
6042,1540
6043,6926
6044,4990
6045,5728
6046,4458
6047,9105
6048,364
6049,1468
6050,2295
6051,6354
6052,7005
6053,6682
6054,3272
6055,9166
6056,2047
6057,9282
6058,5939
6059,3278
6060,2356
6061,845
6062,4352
6063,4239
6064,8825
6065,2743
6066,6937
6067,2755
6068,1158
6069,965
6070,814
6071,7510
6072,1238
6073,8873
6074,2315
6075,8164
6076,2648
6077,3971
6078,2862
6079,7529
6080,596
6081,3306
6082,4148
6083,5465
6084,4114
6085,9275
6086,2435
6087,3665
6088,3239
6089,9393
6090,9741
6091,2621
6092,3074
6093,1622
6094,4483
6095,1196
6096,5094
6097,505
6098,616
6099,5441
6100,2696
6101,7585
6102,9800
6103,43
6104,7964
6105,5633
6106,889
6107,727
6108,1098
6109,1692
6110,33
6111,9124
6112,5671
6113,7114
6114,5064
6115,8615
6116,3266
6117,3260
6118,4863
6119,9888
6120,9612
6121,8893
6122,2289
6123,4541
6124,3003
6125,3481
6126,9049
6127,5646
6128,6481
6129,6274
6130,1268
6131,6377
6132,3048
6133,3841
6134,3960
6135,9903
6136,4161
6137,234
6138,3334
6139,9054
6140,750
6141,1395
6142,8348
6143,9416
6144,3804
6145,4742
6146,461
6147,1588
6148,9765
6149,3684
6150,3605
6151,6884
6152,2836
6153,5421
6154,2696
6155,5431
6156,538
6157,2206
6158,8890
6159,4959
6160,7377
6161,602
6162,2661
6163,9685
6164,4655
6165,4444
6166,5654
6167,5436
6168,6830
6169,2635
6170,4568
6171,419
6172,5210
6173,9375
6174,9878
6175,7615
6176,26
6177,5443
6178,7995
6179,8537
6180,4882
6181,3852
6182,3100
6183,8451
6184,5240
6185,8489
6186,3384
6187,3441
6188,38
6189,6300
6190,7311
6191,2950
6192,8991
6193,8680
6194,9105
6195,6780
6196,389
6197,2362
6198,6936
6199,3128
6200,8091
6201,1901
6202,1753
6203,7693
6204,2359
6205,2953
6206,6391
6207,6608
6208,26
6209,3116
6210,4168
6211,908
6212,6930
6213,6395
6214,252
6215,7607
6216,8736
6217,6715
6218,4555
6219,628
6220,134
6221,9131
6222,4543
6223,2651
6224,8723
6225,340
6226,3762
6227,1910
6228,2930
6229,8820
6230,9560
6231,6989
6232,5183
6233,7271
6234,6432
6235,8276
6236,8812
6237,7704
6238,3815
6239,9571
6240,4612
6241,9062
6242,3262
6243,1287
6244,1886
6245,6666
6246,8894
6247,1047
6248,5891
6249,7192
6250,2489
6251,3577
6252,8195
6253,6788
6254,4978
6255,774
6256,789
6257,1127
6258,335
6259,459
6260,8158
6261,6066
6262,6670
6263,4705
6264,7700
6265,9858
6266,9622
6267,3472
6268,2691
6269,229
6270,543
6271,5056
6272,6944
6273,9228
6274,5637
6275,6784
6276,1068
6277,1041
6278,7017
6279,218
6280,8859
6281,3355
6282,6776
6283,6
6284,7557
6285,3615
6286,9936
6287,8783
6288,4525
6289,153
6290,3073
6291,9571
6292,6224
6293,2908
6294,1104
6295,414
6296,3120
6297,950
6298,1186
6299,1881
6300,850
6301,919
6302,822
6303,9135
6304,2533
6305,4196
6306,2195
6307,5649
6308,7924
6309,5223
6310,2309
6311,7482
6312,2142
6313,6041
6314,7554
6315,2165
6316,8596
6317,3283
6318,434
6319,1822
6320,7154
6321,6705
6322,9534
6323,7526
6324,481
6325,872
6326,8168
6327,5771
6328,1276
6329,3706
6330,4300
6331,7703
6332,8882
6333,8423
6334,9669
6335,1560
6336,7548
6337,4726
6338,7154
6339,6192
6340,1248
6341,7637
6342,9387
6343,9950
6344,6437
6345,9037
6346,8271
6347,669
6348,4887
6349,2185
6350,4415
6351,7019
6352,1021
6353,248
6354,5057
6355,5436
6356,1321
6357,8049
6358,1789
6359,576
6360,9888
6361,1463
6362,9916
6363,7970
6364,8347
6365,5181
6366,723
6367,4067
6368,509
6369,683
6370,2506
6371,9559
6372,263
6373,498
6374,9793
6375,8414
6376,952
6377,9693
6378,149
6379,4501
6380,4280
6381,3272
6382,6752
6383,7950
6384,8054
6385,2117
6386,6591
6387,13
6388,2336
6389,781
6390,1128
6391,6613
6392,6260
6393,2196
6394,7835
6395,5315
6396,613
6397,9120
6398,4552
6399,2072
6400,2288
6401,7643
6402,9089
6403,9725
6404,8464
6405,7047
6406,2002
6407,8418
6408,6622
6409,3841
6410,494
6411,7175
6412,7821
6413,521
6414,9244
6415,175
6416,8069
6417,8289
6418,562
6419,2498
6420,1390
6421,1972
6422,1200
6423,7650
6424,8352
6425,5754
6426,96
6427,2432
6428,7480
6429,4729
6430,4188
6431,8511
6432,8877
6433,285
6434,2753
6435,6265
6436,2548
6437,1547
6438,1411
6439,9186
6440,2897
6441,6418
6442,9921
6443,570
6444,3599
6445,3396
6446,7851
6447,166
6448,8770
6449,2148
6450,545
6451,5265
6452,5082
6453,4479
6454,7789
6455,1135
6456,939
6457,4928
6458,355
6459,4850
6460,2251
6461,4751
6462,9592
6463,1697
6464,1388
6465,5162
6466,8193
6467,1589
6468,9019
6469,6519
6470,350
6471,6390
6472,5415
6473,7000
6474,9591
6475,6630
6476,2902
6477,5152
6478,997
6479,9148
6480,7444
6481,21
6482,9588
6483,6291
6484,1518
6485,3254
6486,5303
6487,6500
6488,2222
6489,4383
6490,2813
6491,9234
6492,2503
6493,5723
6494,9347
6495,7460
6496,1588
6497,7305
6498,7882
6499,936
6500,2044
6501,8274
6502,842
6503,454
6504,2169
6505,5338
6506,1207
6507,8435
6508,4057
6509,5605
6510,4035
6511,4791
6512,9269
6513,9036
6514,6820
6515,8081
6516,9232
6517,8736
6518,5079
6519,9625
6520,7217
6521,3423
6522,6677
6523,4006
6524,1781
6525,9668
6526,37
6527,850
6528,8062
6529,5315
6530,7603
6531,5146
6532,8369
6533,6917
6534,9071
6535,5482
6536,735
6537,8593
6538,9785
6539,3593
6540,1362
6541,4524
6542,940
6543,3985
6544,1771
6545,7571
6546,7448
6547,1505
6548,9337
6549,2390
6550,3684
6551,2838
6552,1596
6553,8759
6554,3
6555,8728
6556,2362
6557,5171
6558,6871
6559,7825
6560,4514
6561,3504
6562,6452
6563,5123
6564,5168
6565,8040
6566,918
6567,4794
6568,9345
6569,260
6570,3653
6571,5312
6572,2311
6573,1005
6574,6456
6575,64
6576,4831
6577,335
6578,4456
6579,3037
6580,6144
6581,6704
6582,3543
6583,452
6584,6151
6585,7279
6586,4160
6587,8558
6588,8033
6589,9072
6590,288
6591,1867
6592,2536
6593,2519
6594,6837
6595,7372
6596,1122
6597,8258
6598,6422
6599,927
6600,5814
6601,2316
6602,4452
6603,5168
6604,6977
6605,5168
6606,1184
6607,8350
6608,1752
6609,2219
6610,4141
6611,1980
6612,9935
6613,7957
6614,2310
6615,5993
6616,1257
6617,2208
6618,8291
6619,3186
6620,1313
6621,6466
6622,9352
6623,7366
6624,8840
6625,8720
6626,8943
6627,1227
6628,6415
6629,748
6630,2552
6631,5631
6632,8616
6633,3073
6634,4365
6635,4801
6636,3096
6637,2619
6638,8187
6639,609
6640,5424
6641,9980
6642,8878
6643,4933
6644,796
6645,7917
6646,4571
6647,9438
6648,2411
6649,2482
6650,4852
6651,3435
6652,8993
6653,9009
6654,8360
6655,700
6656,2489
6657,4804
6658,9033
6659,8857
6660,2735
6661,1405
6662,1506
6663,7108
6664,5805
6665,1018
6666,3353
6667,5916
6668,8212
6669,2761
6670,4689
6671,5059
6672,8317
6673,557
6674,3283
6675,9634
6676,6480
6677,4913
6678,6302
6679,4444
6680,2997
6681,8908
6682,2380
6683,193
6684,8298
6685,6615
6686,231
6687,4692
6688,437
6689,9179
6690,1148
6691,8030
6692,2201
6693,5454
6694,1342
6695,2772
6696,3326
6697,9279
6698,222
6699,8583
6700,300
6701,6016
6702,378
6703,9131
6704,6328
6705,8292
6706,6356
6707,1114
6708,4547
6709,5529
6710,8709
6711,2185
6712,4287
6713,4167
6714,1650
6715,9947
6716,6260
6717,217
6718,5885
6719,4149
6720,9218
6721,6588
6722,8174
6723,6579
6724,9511
6725,6374
6726,2580
6727,9257
6728,9475
6729,1161
6730,7094
6731,2939
6732,4378
6733,3832
6734,6335
6735,2241
6736,2169
6737,9401
6738,9338
6739,5541
6740,8525
6741,7372
6742,1626
6743,7519
6744,1601
6745,3883
6746,7822
6747,9251
6748,343
6749,1778
6750,4867
6751,329
6752,489
6753,4720
6754,777
6755,7934
6756,9791
6757,3134
6758,8202
6759,2409
6760,7667
6761,6304
6762,8329
6763,7489
6764,1428
6765,1450
6766,3336
6767,253
6768,1976
6769,1974
6770,2316
6771,3611
6772,7910
6773,9075
6774,7349
6775,1749
6776,6450
6777,8319
6778,1064
6779,256
6780,5050
6781,1512
6782,6415
6783,3703
6784,9329
6785,5903
6786,2933
6787,1129
6788,2442
6789,1262
6790,7050
6791,1758
6792,6440
6793,59
6794,9901
6795,8031
6796,1171
6797,6830
6798,1851
6799,5478
6800,1469
6801,2576
6802,3155
6803,4388
6804,9237
6805,293
6806,5100
6807,930
6808,4396
6809,9611
6810,7625
6811,714
6812,854
6813,6195
6814,3932
6815,1191
6816,4868
6817,7103
6818,9160
6819,2490
6820,64
6821,7309
6822,3195
6823,1583
6824,2216
6825,9651
6826,8332
6827,8735
6828,7598
6829,27
6830,3746
6831,9447
6832,8719
6833,1345
6834,5798
6835,2536
6836,2243
6837,1707
6838,1033
6839,2032
6840,7189
6841,7304
6842,1528
6843,5674
6844,6964
6845,8092
6846,6047
6847,6161
6848,6888
6849,9931
6850,7292
6851,6715
6852,7832
6853,8852
6854,4870
6855,2612
6856,8236
6857,9712
6858,7918
6859,3831
6860,7903
6861,1050
6862,3348
6863,5669
6864,9687
6865,4129
6866,1965
6867,15
6868,8168
6869,5020
6870,5459
6871,6774
6872,630
6873,8350
6874,110
6875,1318
6876,6858
6877,6027
6878,2786
6879,6733
6880,7526
6881,3401
6882,8473
6883,4098
6884,5820
6885,8954
6886,2770
6887,9252
6888,1164
6889,3977
6890,1801
6891,3153
6892,6316
6893,6466
6894,1913
6895,8569
6896,2686
6897,3112
6898,2224
6899,4385
6900,2524
6901,2961
6902,1155
6903,556
6904,1175
6905,7108
6906,4017
6907,1127
6908,9984
6909,1543
6910,8332
6911,7476
6912,4038
6913,3938
6914,4389
6915,9465
6916,3906
6917,7240
6918,6215
6919,665
6920,7247
6921,4662
6922,8135
6923,9364
6924,3039
6925,6636
6926,9322
6927,91
6928,9449
6929,3421
6930,9384
6931,1575
6932,1255
6933,6514
6934,5056
6935,762
6936,399
6937,9811
6938,9980
6939,4181
6940,4528
6941,5512
6942,2101
6943,6636
6944,1568
6945,2605
6946,42
6947,1543
6948,7939
6949,1589
6950,6990
6951,9690
6952,7855
6953,320
6954,1151
6955,7960
6956,4238
6957,4640
6958,6222
6959,5859
6960,227
6961,2056
6962,7868
6963,4807
6964,112
6965,3222
6966,1026
6967,1224
6968,2232
6969,99
6970,6964
6971,5161
6972,2944
6973,7064
6974,4902
6975,7214
6976,2076
6977,5107
6978,975
6979,3588
6980,2503
6981,3674
6982,1037
6983,3919
6984,9474
6985,4143
6986,1162
6987,7269
6988,3121
6989,5653
6990,1886
6991,7946
6992,6995
6993,8962
6994,9876
6995,2906
6996,8049
6997,8886
6998,9857
6999,4990
7000,184
7001,9019
7002,8323
7003,6041
7004,3658
7005,3580
7006,7238
7007,8659
7008,8177
7009,4555
7010,1581
7011,9992
7012,6454
7013,6190
7014,9534
7015,1857
7016,3713
7017,5034
7018,719
7019,1219
7020,6098
7021,2035
7022,2512
7023,406
7024,5776
7025,419
7026,921
7027,7529
7028,5520
7029,7561
7030,2038
7031,4324
7032,6728
7033,5027
7034,9648
7035,2703
7036,6596
7037,3471
7038,3773
7039,4097
7040,7608
7041,8702
7042,5723
7043,9675
7044,9079
7045,4554
7046,9513
7047,6758
7048,68
7049,1002
7050,3990
7051,3802
7052,3847
7053,1012
7054,3998
7055,3744
7056,483
7057,2882
7058,7058
7059,8699
7060,4486
7061,4328
7062,9448
7063,5170
7064,5616
7065,5684
7066,2611
7067,17
7068,7655
7069,1703
7070,8868
7071,1409
7072,3225
7073,5475
7074,8881
7075,5461
7076,2244
7077,9046
7078,469
7079,5559
7080,4851
7081,4694
7082,2919
7083,146
7084,5786
7085,2525
7086,9168
7087,7681
7088,7380
7089,2984
7090,7655
7091,967
7092,106
7093,3594
7094,1968
7095,8225
7096,8487
7097,1494
7098,2197
7099,2297
7100,9770
7101,1500
7102,6578
7103,4924
7104,7468
7105,1907
7106,9847
7107,4702
7108,2707
7109,7129
7110,4362
7111,7180
7112,5029
7113,6167
7114,9995
7115,7139
7116,7297
7117,4777
7118,540
7119,3920
7120,619
7121,6460
7122,2625
7123,7255
7124,7350
7125,9720
7126,2564
7127,631
7128,7639
7129,7600
7130,3933
7131,2845
7132,6311
7133,8807
7134,2351
7135,5417
7136,665
7137,7974
7138,2422
7139,5886
7140,2573
7141,5596
7142,9008
7143,4222
7144,2692
7145,5653
7146,6553
7147,2805
7148,8037
7149,5293
7150,2028
7151,5076
7152,9471
7153,9223
7154,727
7155,6081
7156,1616
7157,857
7158,4974
7159,5981
7160,2182
7161,1019
7162,6659
7163,8871
7164,7684
7165,4432
7166,4100
7167,5647
7168,8263
7169,5523
7170,9253
7171,2029
7172,1609
7173,9494
7174,7456
7175,4035
7176,2278
7177,5255
7178,6170
7179,768
7180,6397
7181,9860
7182,7240
7183,5751
7184,2793
7185,9056
7186,5729
7187,6031
7188,2577
7189,4486
7190,8790
7191,9852
7192,1885
7193,6174
7194,6991
7195,4878
7196,266
7197,1902
7198,1128
7199,4824
7200,831
7201,1043
7202,764
7203,7284
7204,3857
7205,4896
7206,9681
7207,421
7208,580
7209,1717
7210,6804
7211,9181
7212,9507
7213,9748
7214,2246
7215,2528
7216,98
7217,3920
7218,1944
7219,1288
7220,8641
7221,8039
7222,1602
7223,1499
7224,6100
7225,434
7226,3162
7227,970
7228,1937
7229,3002
7230,7971
7231,8603
7232,4057
7233,8429
7234,692
7235,3097
7236,4859
7237,1665
7238,9819
7239,8090
7240,2278
7241,1960
7242,5890
7243,7330
7244,3229
7245,5557
7246,8976
7247,8439
7248,6016
7249,9183
7250,5299
7251,3332
7252,6952
7253,5507
7254,6860
7255,2161
7256,2066
7257,7502
7258,5643
7259,2851
7260,2081
7261,8843
7262,7790
7263,4624
7264,3213
7265,1754
7266,8852
7267,2054
7268,6128
7269,5154
7270,1703
7271,2044
7272,9939
7273,4776
7274,2473
7275,7337
7276,7700
7277,608
7278,7357
7279,7427
7280,1995
7281,9316
7282,6730
7283,315
7284,8926
7285,9139
7286,3244
7287,9528
7288,4913
7289,1259
7290,987
7291,6289
7292,513
7293,6026
7294,6208
7295,6975
7296,6995
7297,1425
7298,68
7299,4033
7300,7912
7301,7275
7302,3324
7303,962
7304,2949
7305,6364
7306,3379
7307,1384
7308,3488
7309,4781
7310,8710
7311,3726
7312,141
7313,8967
7314,485
7315,6613
7316,1946
7317,4974
7318,3592
7319,3271
7320,3815
7321,225
7322,1825
7323,2652
7324,2395
7325,4943
7326,3009
7327,1728
7328,8147
7329,6331
7330,5245
7331,4516
7332,7499
7333,5427
7334,2370
7335,7203
7336,4114
7337,333
7338,1510
7339,4489
7340,969
7341,8979
7342,4050
7343,5247
7344,4908
7345,194
7346,1357
7347,6042
7348,9365
7349,77
7350,442
7351,6741
7352,6909
7353,327
7354,5797
7355,604
7356,7781
7357,1473
7358,441
7359,3099
7360,2836
7361,1696
7362,1366
7363,1813
7364,2609
7365,802
7366,3457
7367,7881
7368,3059
7369,4931
7370,4781
7371,34
7372,6487
7373,9595
7374,1321
7375,3583
7376,1410
7377,9690
7378,217
7379,4178
7380,8807
7381,7000
7382,489
7383,5276
7384,3611
7385,7670
7386,9391
7387,5481
7388,1000
7389,8056
7390,4913
7391,8360
7392,9583
7393,151
7394,7655
7395,4302
7396,769
7397,8386
7398,8130
7399,6555
7400,64
7401,5813
7402,9949
7403,8701
7404,2353
7405,9581
7406,2627
7407,5076
7408,1573
7409,6026
7410,1250
7411,7734
7412,2168
7413,7622
7414,7358
7415,659
7416,6761
7417,1925
7418,4104
7419,1611
7420,3420
7421,5389
7422,4224
7423,2927
7424,9260
7425,4504
7426,7721
7427,1494
7428,7173
7429,8648
7430,2092
7431,3233
7432,2224
7433,507
7434,4320
7435,2305
7436,5152
7437,2911
7438,2537
7439,2519
7440,5214
7441,7944
7442,878
7443,3484
7444,9008
7445,6543
7446,4368
7447,6658
7448,8783
7449,1245
7450,279
7451,7227
7452,6840
7453,7960
7454,1407
7455,4200
7456,627
7457,9437
7458,7411
7459,197
7460,4051
7461,5855
7462,6280
7463,9907
7464,2829
7465,6718
7466,5742
7467,9958
7468,204
7469,9052
7470,7010
7471,5152
7472,36
7473,1596
7474,2679
7475,8269
7476,8694
7477,4924
7478,1767
7479,7953
7480,2756
7481,2885
7482,1572
7483,7855
7484,4566
7485,8512
7486,6420
7487,6028
7488,2027
7489,7035
7490,8653
7491,5586
7492,7907
7493,5293
7494,253
7495,2249
7496,1981
7497,6790
7498,5373
7499,3603
7500,1565
7501,4026
7502,4470
7503,4199
7504,561
7505,7775
7506,9701
7507,66
7508,9331
7509,4949
7510,3963
7511,3976
7512,1345
7513,4278
7514,1112
7515,4624
7516,1404
7517,814
7518,617
7519,1473
7520,5230
7521,4029
7522,6688
7523,135
7524,2911
7525,3274
7526,6035
7527,683
7528,4905
7529,474
7530,7687
7531,6322
7532,4795
7533,2114
7534,7502
7535,7333
7536,1963
7537,9145
7538,3838
7539,4145
7540,2224
7541,4289
7542,5061
7543,607
7544,2334
7545,4727
7546,1946
7547,4263
7548,3667
7549,6889
7550,5046
7551,5584
7552,6050
7553,4553
7554,7298
7555,1915
7556,270
7557,4367
7558,9810
7559,9313
7560,1945
7561,6627
7562,4931
7563,2954
7564,4189
7565,5851
7566,2849
7567,8672
7568,4539
7569,8545
7570,7532
7571,4148
7572,2946
7573,9945
7574,8860
7575,5711
7576,8627
7577,946
7578,6595
7579,794
7580,3635
7581,8090
7582,3217
7583,7090
7584,6496
7585,151
7586,9582
7587,7366
7588,5463
7589,9700
7590,7459
7591,1460
7592,1333
7593,9816
7594,8202
7595,2244
7596,12
7597,7101
7598,5255
7599,7090
7600,937
7601,3456
7602,999
7603,1009
7604,8580
7605,8868
7606,552
7607,8062
7608,1016
7609,4284
7610,3657
7611,6611
7612,5091
7613,1257
7614,7268
7615,3933
7616,2624
7617,4240
7618,409
7619,225
7620,1635
7621,3120
7622,6253
7623,2426
7624,3652
7625,3714
7626,6370
7627,230
7628,6800
7629,450
7630,2553
7631,2369
7632,6157
7633,8765
7634,8837
7635,1266
7636,2173
7637,107
7638,7794
7639,1189
7640,2644
7641,6271
7642,5046
7643,9705
7644,557
7645,8717
7646,1799
7647,6043
7648,8377
7649,412
7650,8269
7651,9826
7652,1738
7653,572
7654,1465
7655,8428
7656,1840
7657,2169
7658,8853
7659,1321
7660,593
7661,7040
7662,574
7663,9047
7664,8622
7665,1233
7666,2352
7667,9822
7668,5508
7669,5430
7670,2401
7671,5069
7672,6240
7673,3075
7674,3217
7675,5363
7676,4055
7677,4895
7678,5568
7679,9795
7680,8357
7681,4130
7682,3889
7683,1106
7684,1924
7685,5183
7686,4221
7687,435
7688,6719
7689,900
7690,3915
7691,7221
7692,631
7693,3503
7694,9310
7695,2571
7696,806
7697,563
7698,4463
7699,1644
7700,7410
7701,396
7702,350
7703,8892
7704,7956
7705,2735
7706,3939
7707,4475
7708,8346
7709,9702
7710,9801
7711,5244
7712,6746
7713,1035
7714,4077
7715,6297
7716,2616
7717,2178
7718,883
7719,8629
7720,4234
7721,3035
7722,4827
7723,8002
7724,426
7725,264
7726,146
7727,5909
7728,8603
7729,5564
7730,1403
7731,8998
7732,9903
7733,7125
7734,5615
7735,8300
7736,6296
7737,700
7738,3523
7739,3528
7740,2158
7741,1307
7742,7113
7743,7200
7744,81
7745,8638
7746,1722
7747,6000
7748,2976
7749,5036
7750,9203
7751,4108
7752,2681
7753,1879
7754,3709
7755,6569
7756,2225
7757,8770
7758,2465
7759,2940
7760,4726
7761,2452
7762,7179
7763,819
7764,3747
7765,7691
7766,5262
7767,915
7768,9348
7769,2594
7770,4361
7771,1842
7772,1259
7773,1669
7774,9817
7775,6918
7776,2786
7777,4628
7778,1951
7779,6413
7780,898
7781,5494
7782,9395
7783,5487
7784,5475
7785,9840
7786,7689
7787,3120
7788,7013
7789,4263
7790,1507
7791,2298
7792,2543
7793,7618
7794,6343
7795,5035
7796,3973
7797,3491
7798,4354
7799,5275
7800,3087
7801,5912
7802,6621
7803,1569
7804,7384
7805,6541
7806,9920
7807,4870
7808,4405
7809,5796
7810,7044
7811,3802
7812,3015
7813,9079
7814,5837
7815,5061
7816,1154
7817,9501
7818,9976
7819,1761
7820,7278
7821,4700
7822,512
7823,6294
7824,7773
7825,9327
7826,2296
7827,3478
7828,1583
7829,4184
7830,2116
7831,7435
7832,1379
7833,2790
7834,1016
7835,7693
7836,8239
7837,4394
7838,8054
7839,744
7840,9601
7841,4647
7842,5986
7843,4493
7844,7463
7845,9577
7846,9832
7847,1576
7848,3372
7849,8087
7850,7089
7851,3890
7852,4244
7853,139
7854,1345
7855,3688
7856,1258
7857,482
7858,3444
7859,812
7860,1847
7861,447
7862,9163
7863,9898
7864,438
7865,8309
7866,9873
7867,5262
7868,8566
7869,5797
7870,2851
7871,5140
7872,5392
7873,20
7874,9376
7875,5952
7876,1113
7877,1793
7878,9613
7879,8527
7880,906
7881,230
7882,6092
7883,3741
7884,7870
7885,588
7886,8333
7887,760
7888,8956
7889,4164
7890,9813
7891,6229
7892,3238
7893,3987
7894,4111
7895,6082
7896,6065
7897,6653
7898,7761
7899,3228
7900,6310
7901,1270
7902,4336
7903,8946
7904,3912
7905,6469
7906,5590
7907,170
7908,9575
7909,4329
7910,3107
7911,322
7912,7652
7913,2433
7914,7361
7915,8377
7916,6854
7917,5383
7918,7197
7919,4703
7920,1948
7921,8092
7922,899
7923,58
7924,1268
7925,4762
7926,4201
7927,6922
7928,7484
7929,9413
7930,8095
7931,2304
7932,919
7933,660
7934,2228
7935,1194
7936,2418
7937,2111
7938,9085
7939,3042
7940,2727
7941,6809
7942,5170
7943,8889
7944,7089
7945,1376
7946,9049
7947,3230
7948,6930
7949,9347
7950,8888
7951,1923
7952,898
7953,4627
7954,7813
7955,8225
7956,1881
7957,9292
7958,6368
7959,9802
7960,3502
7961,5590
7962,9299
7963,1568
7964,8880
7965,2072
7966,4872
7967,5669
7968,6053
7969,3548
7970,4860
7971,7762
7972,882
7973,4345
7974,4818
7975,4300
7976,3355
7977,1148
7978,924
7979,3795
7980,1499
7981,1096
7982,2982
7983,8045
7984,2662
7985,768
7986,2211
7987,1187
7988,828
7989,9587
7990,7244
7991,5786
7992,8049
7993,8824
7994,8645
7995,8469
7996,1579
7997,9097
7998,1378
7999,2601
8000,6779
8001,3716
8002,8459
8003,7585
8004,6928
8005,1375
8006,7996
8007,1379
8008,5704
8009,4941
8010,2224
8011,1170
8012,3769
8013,271
8014,4287
8015,7909
8016,2607
8017,6460
8018,9061
8019,537
8020,9830
8021,4212
8022,4853
8023,690
8024,171
8025,7393
8026,3950
8027,4984
8028,2974
8029,4656
8030,2253
8031,1439
8032,2746
8033,8494
8034,8738
8035,4135
8036,4185
8037,2294
8038,3111
8039,4166
8040,2977
8041,6122
8042,6575
8043,978
8044,2915
8045,7536
8046,9004
8047,5572
8048,5062
8049,5215
8050,8340
8051,7929
8052,3807
8053,4457
8054,2452
8055,1243
8056,1269
8057,2524
8058,6341
8059,1455
8060,2994
8061,9924
8062,6622
8063,8080
8064,3388
8065,5635
8066,7866
8067,4636
8068,4708
8069,6356
8070,2732
8071,3149
8072,1902
8073,5468
8074,2608
8075,8283
8076,9619
8077,1810
8078,3028
8079,1536
8080,3939
8081,1792
8082,8871
8083,621
8084,4719
8085,3706
8086,1920
8087,1691
8088,6167
8089,1775
8090,1954
8091,8292
8092,7535
8093,1566
8094,7151
8095,7634
8096,1559
8097,7531
8098,5786
8099,3608
8100,7594
8101,2
8102,3586
8103,2496
8104,1559
8105,8394
8106,2268
8107,7141
8108,7759
8109,3038
8110,1951
8111,5523
8112,5502
8113,1752
8114,22
8115,3163
8116,6030
8117,5295
8118,7601
8119,9963
8120,3736
8121,2883
8122,8542
8123,7037
8124,6764
8125,8341
8126,9591
8127,4431
8128,8004
8129,9517
8130,4059
8131,1171
8132,2371
8133,1767
8134,4865
8135,6664
8136,8915
8137,2189
8138,809
8139,2744
8140,8256
8141,4955
8142,9990
8143,6467
8144,3903
8145,6366
8146,7242
8147,4013
8148,4404
8149,9119
8150,768
8151,7667
8152,738
8153,3759
8154,1632
8155,3764
8156,9587
8157,6195
8158,2158
8159,2013
8160,4746
8161,3265
8162,3716
8163,5813
8164,1143
8165,2907
8166,9921
8167,5483
8168,6060
8169,7085
8170,4033
8171,349
8172,7998
8173,5090
8174,6592
8175,2522
8176,5646
8177,1547
8178,986
8179,8922
8180,8008
8181,6098
8182,6852
8183,6700
8184,1819
8185,1420
8186,64
8187,2912
8188,874
8189,3165
8190,2764
8191,7606
8192,2771
8193,6161
8194,173
8195,3319
8196,910
8197,1240
8198,9035
8199,3539
8200,4664
8201,5185
8202,3820
8203,810
8204,5377
8205,922
8206,5365
8207,2751
8208,2354
8209,7847
8210,5022
8211,937
8212,6515
8213,8177
8214,3750
8215,4332
8216,6748
8217,289
8218,454
8219,1752
8220,2538
8221,2781
8222,6250
8223,5953
8224,2645
8225,1922
8226,3854
8227,5071
8228,5712
8229,67
8230,2182
8231,7398
8232,7056
8233,6001
8234,2593
8235,7816
8236,288
8237,4796
8238,9614
8239,6506
8240,3540
8241,457
8242,1966
8243,2548
8244,1101
8245,2788
8246,748
8247,5357
8248,2109
8249,4967
8250,8267
8251,7622
8252,6923
8253,2363
8254,6080
8255,2710
8256,1753
8257,9983
8258,5728
8259,2518
8260,3860
8261,6487
8262,730
8263,7310
8264,7916
8265,918
8266,7784
8267,5120
8268,5828
8269,9008
8270,6801
8271,4050
8272,1068
8273,1977
8274,9443
8275,2466
8276,6142
8277,9458
8278,9600
8279,1013
8280,7910
8281,1925
8282,6743
8283,8993
8284,3413
8285,254
8286,6484
8287,9981
8288,6439
8289,6109
8290,8378
8291,1013
8292,4099
8293,4154
8294,4048
8295,9969
8296,1507
8297,4264
8298,1209
8299,7608
8300,2134
8301,2413
8302,1321
8303,4865
8304,6386
8305,2416
8306,1156
8307,539
8308,285
8309,7668
8310,681
8311,8990
8312,3742
8313,2276
8314,5200
8315,6097
8316,7359
8317,7519
8318,4784
8319,7389
8320,4327
8321,9015
8322,3860
8323,4898
8324,2213
8325,6676
8326,4591
8327,4057
8328,5519
8329,2238
8330,6925
8331,7466
8332,2540
8333,9355
8334,7259
8335,7646
8336,7134
8337,886
8338,1354
8339,7751
8340,3684
8341,689
8342,5136
8343,6191
8344,7086
8345,76
8346,736
8347,5838
8348,8387
8349,86
8350,9067
8351,8240
8352,9232
8353,9283
8354,8615
8355,2423
8356,9954
8357,6990
8358,5583
8359,7469
8360,9990
8361,2913
8362,5067
8363,9708
8364,1886
8365,3508
8366,5633
8367,305
8368,4999
8369,2210
8370,7596
8371,1310
8372,2457
8373,8354
8374,9964
8375,5968
8376,7774
8377,8484
8378,3758
8379,9648
8380,9319
8381,3834
8382,3278
8383,9518
8384,1787
8385,7673
8386,1322
8387,1898
8388,5042
8389,6288
8390,8872
8391,1781
8392,1777
8393,73
8394,1851
8395,7720
8396,2054
8397,4029
8398,1618
8399,9970
8400,2326
8401,3085
8402,7986
8403,632
8404,1461
8405,3214
8406,1861
8407,6424
8408,758
8409,8069
8410,754
8411,1792
8412,7252
8413,8435
8414,6591
8415,2957
8416,513
8417,6818
8418,9509
8419,4469
8420,5004
8421,4017
8422,3235
8423,6088
8424,3928
8425,6605
8426,8502
8427,2181
8428,5354
8429,1105
8430,87
8431,7449
8432,1043
8433,2078
8434,3940
8435,1358
8436,2592
8437,7150
8438,4452
8439,9345
8440,6110
8441,6806
8442,3221
8443,7668
8444,5250
8445,122
8446,9577
8447,9510
8448,6279
8449,3990
8450,1249
8451,6879
8452,569
8453,6186
8454,2679
8455,7632
8456,6306
8457,37
8458,2322
8459,4906
8460,5603
8461,8710
8462,5606
8463,8303
8464,6502
8465,702
8466,187
8467,3030
8468,5409
8469,4762
8470,6591
8471,2962
8472,1790
8473,7312
8474,1502
8475,9973
8476,648
8477,5079
8478,2497
8479,3809
8480,7848
8481,2172
8482,2388
8483,5936
8484,1201
8485,4290
8486,7069
8487,8404
8488,9433
8489,8074
8490,3930
8491,2241
8492,8121
8493,6308
8494,1369
8495,1770
8496,8103
8497,2341
8498,9230
8499,793
8500,9282
8501,7209
8502,225
8503,259
8504,2573
8505,2378
8506,3718
8507,4235
8508,9520
8509,1585
8510,2545
8511,2470
8512,6331
8513,5149
8514,393
8515,6816
8516,5100
8517,6386
8518,4268
8519,4076
8520,643
8521,5828
8522,1715
8523,1665
8524,9732
8525,9924
8526,1336
8527,9075
8528,8669
8529,2250
8530,2421
8531,1552
8532,9545
8533,3908
8534,8063
8535,5133
8536,6660
8537,1133
8538,6835
8539,1583
8540,1136
8541,641
8542,9376
8543,5790
8544,7959
8545,5184
8546,2197
8547,1990
8548,274
8549,6018
8550,764
8551,5073
8552,7929
8553,7514
8554,151
8555,722
8556,460
8557,3838
8558,9785
8559,7891
8560,610
8561,1397
8562,1657
8563,6113
8564,3039
8565,8066
8566,8675
8567,6230
8568,9067
8569,8416
8570,63
8571,1511
8572,4577
8573,9807
8574,8502
8575,8815
8576,6853
8577,6414
8578,1890
8579,2300
8580,9626
8581,7753
8582,8277
8583,5497
8584,1635
8585,7525
8586,4253
8587,9788
8588,136
8589,3353
8590,4535
8591,2336
8592,1452
8593,9855
8594,1073
8595,5350
8596,2572
8597,8380
8598,5860
8599,5879
8600,5466
8601,940
8602,1458
8603,5277
8604,2123
8605,4898
8606,668
8607,275
8608,3949
8609,7615
8610,263
8611,1418
8612,5870
8613,2719
8614,7152
8615,8669
8616,9993
8617,7660
8618,2350
8619,2071
8620,6258
8621,4798
8622,9255
8623,5748
8624,3844
8625,5104
8626,4725
8627,2965
8628,5224
8629,105
8630,7578
8631,1160
8632,3881
8633,57
8634,9618
8635,808
8636,4790
8637,2754
8638,3545
8639,880
8640,3607
8641,4970
8642,5261
8643,310
8644,452
8645,302
8646,196
8647,9893
8648,3586
8649,1592
8650,6080
8651,9147
8652,6128
8653,8292
8654,7314
8655,6213
8656,8321
8657,2032
8658,606
8659,8264
8660,4042
8661,9522
8662,8718
8663,66
8664,7455
8665,7294
8666,3689
8667,5023
8668,633
8669,1240
8670,8965
8671,7792
8672,9771
8673,9303
8674,1530
8675,3849
8676,789
8677,5371
8678,7145
8679,5386
8680,5352
8681,5937
8682,2094
8683,7120
8684,251
8685,9444
8686,4545
8687,2733
8688,7773
8689,165
8690,3859
8691,7846
8692,3580
8693,5630
8694,1095
8695,5339
8696,1685
8697,6052
8698,1662
8699,4284
8700,8141
8701,6476
8702,8457
8703,4618
8704,4272
8705,8847
8706,872
8707,1435
8708,5800
8709,2128
8710,4664
8711,6114
8712,6113
8713,878
8714,8653
8715,5999
8716,6170
8717,7653
8718,940
8719,6291
8720,7438
8721,906
8722,4636
8723,2214
8724,9892
8725,2294
8726,6221
8727,3404
8728,2723
8729,4370
8730,6538
8731,3942
8732,74
8733,3909
8734,476
8735,9717
8736,8528
8737,3706
8738,7327
8739,3604
8740,5911
8741,3029
8742,3576
8743,2263
8744,9046
8745,7847
8746,1799
8747,3086
8748,9095
8749,6112
8750,7881
8751,4318
8752,445
8753,1365
8754,866
8755,3634
8756,2235
8757,7794
8758,9769
8759,2670
8760,3537
8761,3233
8762,1860
8763,3253
8764,3464
8765,1708
8766,7638
8767,2363
8768,4609
8769,9695
8770,1014
8771,5421
8772,7512
8773,6018
8774,7169
8775,4927
8776,7983
8777,1845
8778,883
8779,8518
8780,6808
8781,3501
8782,1986
8783,6232
8784,2274
8785,4990
8786,4860
8787,8273
8788,4137
8789,8041
8790,4338
8791,7992
8792,519
8793,5497
8794,2788
8795,8769
8796,3007
8797,1832
8798,2255
8799,3811
8800,4172
8801,6199
8802,9829
8803,316
8804,8501
8805,8366
8806,124
8807,2724
8808,803
8809,8048
8810,3033
8811,800
8812,7526
8813,2291
8814,1262
8815,2360
8816,6293
8817,8174
8818,1170
8819,9595
8820,629
8821,6132
8822,4992
8823,673
8824,4109
8825,5889
8826,9491
8827,2642
8828,5975
8829,4498
8830,6336
8831,4533
8832,9528
8833,8313
8834,3284
8835,7323
8836,8276
8837,65
8838,2352
8839,7949
8840,1580
8841,1807
8842,4226
8843,2962
8844,6505
8845,8746
8846,8950
8847,550
8848,8222
8849,6413
8850,7660
8851,3896
8852,5481
8853,1722
8854,8188
8855,4003
8856,8170
8857,9313
8858,5447
8859,9856
8860,2839
8861,6481
8862,3280
8863,4217
8864,9807
8865,3006
8866,3132
8867,5536
8868,4973
8869,436
8870,9621
8871,2113
8872,1200
8873,7579
8874,8213
8875,1942
8876,9433
8877,1852
8878,4145
8879,2330
8880,6132
8881,8146
8882,8275
8883,5840
8884,1195
8885,1028
8886,7309
8887,485
8888,8919
8889,850
8890,7451
8891,8227
8892,40
8893,2814
8894,1720
8895,6231
8896,4791
8897,1886
8898,7204
8899,9653
8900,2698
8901,4287
8902,5700
8903,410
8904,5672
8905,7228
8906,2058
8907,1971
8908,1806
8909,2686
8910,3943
8911,8444
8912,8752
8913,3686
8914,4734
8915,7387
8916,3476
8917,218
8918,8203
8919,9071
8920,4924
8921,1916
8922,68
8923,3939
8924,3826
8925,6785
8926,6143
8927,8695
8928,9385
8929,1200
8930,9412
8931,4433
8932,9825
8933,7449
8934,5748
8935,8319
8936,1660
8937,5561
8938,8906
8939,2880
8940,2319
8941,2283
8942,4064
8943,6084
8944,4395
8945,7984
8946,7606
8947,8866
8948,604
8949,2019
8950,879
8951,5161
8952,5409
8953,4102
8954,2252
8955,472
8956,3645
8957,8241
8958,6269
8959,641
8960,845
8961,2909
8962,8676
8963,235
8964,3468
8965,9547
8966,1853
8967,9464
8968,2643
8969,954
8970,6908
8971,4567
8972,1173
8973,8233
8974,2693
8975,7195
8976,9258
8977,8937
8978,2465
8979,3435
8980,4058
8981,2951
8982,9503
8983,6139
8984,3645
8985,1945
8986,6890
8987,6906
8988,4913
8989,9751
8990,1514
8991,8621
8992,6011
8993,2540
8994,9997
8995,253
8996,9473
8997,8460
8998,5799
8999,6685
9000,5527
9001,264
9002,296
9003,5295
9004,72
9005,1920
9006,4941
9007,1863
9008,1896
9009,777
9010,969
9011,4319
9012,1288
9013,7791
9014,710
9015,5837
9016,1866
9017,3548
9018,6790
9019,5154
9020,2853
9021,3210
9022,9919
9023,100
9024,7915
9025,1334
9026,1686
9027,6046
9028,2425
9029,5861
9030,6299
9031,7574
9032,4030
9033,9451
9034,3846
9035,3392
9036,3920
9037,7449
9038,80
9039,465
9040,5980
9041,7911
9042,8086
9043,3111
9044,1244
9045,6803
9046,8057
9047,7303
9048,814
9049,2728
9050,4233
9051,2726
9052,3122
9053,6003
9054,1987
9055,4524
9056,6404
9057,6866
9058,2600
9059,3702
9060,8411
9061,8910
9062,8992
9063,635
9064,9761
9065,1882
9066,8415
9067,2786
9068,7429
9069,8252
9070,9847
9071,1522
9072,301
9073,4924
9074,3790
9075,1465
9076,2687
9077,9578
9078,6498
9079,2801
9080,194
9081,2405
9082,3114
9083,7200
9084,8416
9085,9305
9086,5150
9087,7791
9088,6447
9089,2425
9090,2138
9091,445
9092,5025
9093,1326
9094,3679
9095,9124
9096,6680
9097,2798
9098,5402
9099,7469
9100,5742
9101,3248
9102,1833
9103,5536
9104,1540
9105,8271
9106,6907
9107,1103
9108,6505
9109,3965
9110,3448
9111,8275
9112,6526
9113,8442
9114,9569
9115,1750
9116,4631
9117,5317
9118,3769
9119,7779
9120,900
9121,402
9122,3012
9123,795
9124,5825
9125,7853
9126,2622
9127,9978
9128,2171
9129,382
9130,3984
9131,9801
9132,8276
9133,5150
9134,7167
9135,7765
9136,5961
9137,9048
9138,9573
9139,7647
9140,8930
9141,6067
9142,483
9143,7189
9144,4217
9145,3040
9146,1351
9147,5154
9148,9167
9149,4495
9150,9131
9151,6050
9152,2203
9153,3366
9154,4014
9155,4872
9156,3108
9157,8724
9158,9480
9159,2115
9160,4897
9161,4691
9162,9416
9163,9438
9164,3183
9165,4925
9166,63
9167,1607
9168,4948
9169,2993
9170,1698
9171,8483
9172,3857
9173,8549
9174,1644
9175,1152
9176,29
9177,6878
9178,3987
9179,6250
9180,3695
9181,1086
9182,9452
9183,6146
9184,3452
9185,5757
9186,1713
9187,1164
9188,3442
9189,7963
9190,370
9191,8136
9192,6948
9193,3189
9194,266
9195,4404
9196,119
9197,102
9198,9971
9199,5216
9200,7772
9201,1552
9202,6508
9203,2130
9204,7760
9205,6795
9206,2362
9207,6522
9208,5840
9209,4205
9210,3549
9211,6712
9212,3088
9213,7594
9214,9877
9215,8061
9216,7326
9217,9422
9218,5988
9219,8224
9220,2131
9221,6153
9222,8342
9223,5394
9224,5530
9225,7979
9226,8414
9227,8324
9228,7476
9229,8160
9230,498
9231,5959
9232,6059
9233,9741
9234,538
9235,9939
9236,2005
9237,2748
9238,7765
9239,8877
9240,1419
9241,4980
9242,2190
9243,3811
9244,9259
9245,317
9246,2477
9247,1002
9248,7162
9249,6386
9250,7264
9251,1898
9252,446
9253,3831
9254,7835
9255,4919
9256,204
9257,8573
9258,7981
9259,9348
9260,9613
9261,1444
9262,2181
9263,2115
9264,6551
9265,5521
9266,3637
9267,560
9268,537
9269,2144
9270,9910
9271,239
9272,3350
9273,8268
9274,9836
9275,7651
9276,1781
9277,3804
9278,6252
9279,6161
9280,3112
9281,7776
9282,9275
9283,9171
9284,3933
9285,861
9286,5753
9287,9729
9288,2882
9289,9124
9290,238
9291,3997
9292,5164
9293,2250
9294,5251
9295,9486
9296,1113
9297,1492
9298,3428
9299,3776
9300,7732
9301,673
9302,5012
9303,6314
9304,4409
9305,540
9306,2498
9307,1168
9308,5577
9309,6402
9310,2667
9311,5641
9312,8752
9313,7665
9314,1839
9315,9860
9316,1334
9317,8130
9318,3160
9319,9287
9320,3363
9321,1192
9322,3161
9323,7160
9324,8727
9325,9433
9326,4100
9327,7551
9328,9496
9329,7661
9330,3615
9331,6667
9332,5005
9333,1652
9334,4519
9335,324
9336,4187
9337,1213
9338,9493
9339,5666
9340,3230
9341,4709
9342,1808
9343,6300
9344,4474
9345,6460
9346,2548
9347,3843
9348,1202
9349,2014
9350,3585
9351,6736
9352,3801
9353,8208
9354,1879
9355,1019
9356,1943
9357,106
9358,2817
9359,5006
9360,8270
9361,3140
9362,8447
9363,7449
9364,6974
9365,52
9366,5736
9367,6407
9368,7397
9369,503
9370,7919
9371,4209
9372,1595
9373,9117
9374,6230
9375,8673
9376,8558
9377,3050
9378,9536
9379,9370
9380,2521
9381,9914
9382,1948
9383,5510
9384,7002
9385,6549
9386,3759
9387,592
9388,4116
9389,2404
9390,9648
9391,9763
9392,4658
9393,5523
9394,5482
9395,6098
9396,2525
9397,8471
9398,3966
9399,3450
9400,3871
9401,2641
9402,8183
9403,6533
9404,3497
9405,5507
9406,5410
9407,5280
9408,4403
9409,9891
9410,9789
9411,9215
9412,8546
9413,8558
9414,2863
9415,4416
9416,2591
9417,1695
9418,9481
9419,6493
9420,7125
9421,1024
9422,2540
9423,6182
9424,1003
9425,3199
9426,5594
9427,9262
9428,9283
9429,9461
9430,5905
9431,4021
9432,1329
9433,5428
9434,4006
9435,9670
9436,1568
9437,9087
9438,2990
9439,7857
9440,3298
9441,5150
9442,5299
9443,60
9444,1271
9445,7393
9446,7876
9447,9782
9448,8080
9449,9301
9450,5806
9451,4940
9452,516
9453,613
9454,9130
9455,607
9456,9234
9457,5811
9458,4663
9459,5350
9460,3608
9461,2135
9462,7946
9463,9904
9464,9843
9465,4071
9466,2418
9467,716
9468,6104
9469,7784
9470,7841
9471,4589
9472,3347
9473,6099
9474,4136
9475,3112
9476,8654
9477,6892
9478,5458
9479,4384
9480,6100
9481,9663
9482,7269
9483,2212
9484,6407
9485,7916
9486,5684
9487,3063
9488,9167
9489,3797
9490,2952
9491,6672
9492,595
9493,6628
9494,7871
9495,2099
9496,1837
9497,3955
9498,8229
9499,5136
9500,1673
9501,3318
9502,1923
9503,106
9504,3310
9505,188
9506,7686
9507,715
9508,8464
9509,6854
9510,1010
9511,4678
9512,7173
9513,486
9514,4486
9515,189
9516,4583
9517,5164
9518,3697
9519,5556
9520,8505
9521,8845
9522,197
9523,7301
9524,4078
9525,8566
9526,8699
9527,8054
9528,390
9529,5103
9530,5095
9531,1224
9532,7114
9533,3971
9534,733
9535,8257
9536,4298
9537,2270
9538,7876
9539,5277
9540,6133
9541,7032
9542,6859
9543,1872
9544,8633
9545,8578
9546,8617
9547,815
9548,1868
9549,5614
9550,8825
9551,6543
9552,4538
9553,3444
9554,7750
9555,7982
9556,4927
9557,130
9558,4835
9559,9969
9560,5399
9561,2180
9562,1678
9563,109
9564,1700
9565,740
9566,2854
9567,7643
9568,5313
9569,3540
9570,4411
9571,9270
9572,4133
9573,3737
9574,5029
9575,3622
9576,8473
9577,9226
9578,1367
9579,4402
9580,1053
9581,778
9582,3653
9583,6465
9584,2440
9585,8562
9586,4740
9587,1217
9588,7215
9589,4531
9590,3153
9591,956
9592,7416
9593,4489
9594,5492
9595,5752
9596,4511
9597,8420
9598,2102
9599,7774
9600,4937
9601,900
9602,8610
9603,3534
9604,903
9605,7074
9606,1704
9607,1264
9608,7037
9609,1287
9610,519
9611,1326
9612,6436
9613,1495
9614,460
9615,9440
9616,9740
9617,4270
9618,3606
9619,7880
9620,3750
9621,462
9622,1916
9623,8879
9624,2113
9625,1511
9626,1825
9627,7711
9628,5059
9629,2825
9630,9222
9631,7380
9632,9643
9633,5894
9634,4033
9635,1741
9636,1924
9637,9867
9638,9997
9639,3654
9640,2557
9641,3792
9642,1634
9643,4795
9644,1047
9645,4094
9646,8454
9647,8806
9648,9086
9649,8049
9650,100
9651,4441
9652,1612
9653,3182
9654,1852
9655,2515
9656,4746
9657,4598
9658,9275
9659,2844
9660,9896
9661,3563
9662,9117
9663,7171
9664,1023
9665,1939
9666,5856
9667,7627
9668,341
9669,4267
9670,2715
9671,561
9672,2848
9673,8718
9674,3583
9675,6385
9676,2191
9677,390
9678,5468
9679,2649
9680,8246
9681,2018
9682,7751
9683,7438
9684,3848
9685,6201
9686,2314
9687,5390
9688,8458
9689,2509
9690,6988
9691,1910
9692,1541
9693,8499
9694,3619
9695,7077
9696,3020
9697,2627
9698,1496
9699,528
9700,9103
9701,683
9702,2362
9703,3735
9704,6384
9705,1609
9706,1318
9707,2200
9708,7604
9709,7064
9710,101
9711,7203
9712,2875
9713,8474
9714,6166
9715,9006
9716,5012
9717,4055
9718,3421
9719,249
9720,1514
9721,1413
9722,188
9723,197
9724,1252
9725,3753
9726,4257
9727,7936
9728,7468
9729,3421
9730,2752
9731,8148
9732,7133
9733,5010
9734,67
9735,1378
9736,8451
9737,6488
9738,335
9739,2248
9740,2062
9741,5211
9742,9577
9743,6218
9744,5447
9745,1584
9746,8265
9747,4112
9748,8390
9749,2305
9750,1149
9751,749
9752,7298
9753,9349
9754,4641
9755,8592
9756,1787
9757,2004
9758,2254
9759,8110
9760,8549
9761,7193
9762,896
9763,9951
9764,2086
9765,2473
9766,2189
9767,3672
9768,7762
9769,947
9770,1139
9771,1066
9772,9076
9773,792
9774,8049
9775,7128
9776,1856
9777,5693
9778,7512
9779,7790
9780,8775
9781,303
9782,1171
9783,5296
9784,1546
9785,7302
9786,6661
9787,3585
9788,7411
9789,1421
9790,4690
9791,6870
9792,2800
9793,6993
9794,6049
9795,9306
9796,353
9797,6551
9798,6480
9799,1715
9800,2613
9801,8291
9802,5849
9803,4324
9804,8127
9805,5255
9806,2132
9807,6580
9808,351
9809,1481
9810,5148
9811,3439
9812,9694
9813,2888
9814,1622
9815,8748
9816,5114
9817,2592
9818,5871
9819,1727
9820,8355
9821,6731
9822,2182
9823,8240
9824,7413
9825,4971
9826,1642
9827,9643
9828,5367
9829,6213
9830,389
9831,4121
9832,6419
9833,928
9834,4361
9835,2223
9836,2968
9837,8303
9838,2602
9839,438
9840,5996
9841,875
9842,1260
9843,7291
9844,645
9845,1461
9846,9262
9847,7944
9848,6746
9849,8250
9850,5208
9851,7938
9852,6357
9853,8151
9854,8433
9855,9924
9856,1932
9857,3455
9858,1652
9859,4460
9860,992
9861,6987
9862,3827
9863,3188
9864,7718
9865,4209
9866,2652
9867,8868
9868,6084
9869,3433
9870,1627
9871,1014
9872,46
9873,3836
9874,9249
9875,2874
9876,8162
9877,2909
9878,3316
9879,635
9880,4769
9881,6412
9882,8151
9883,4434
9884,1887
9885,2457
9886,2379
9887,1610
9888,5484
9889,9414
9890,597
9891,8387
9892,5364
9893,5424
9894,5330
9895,7659
9896,164
9897,2591
9898,1705
9899,2890
9900,5934
9901,5164
9902,2144
9903,2604
9904,575
9905,4339
9906,4754
9907,7620
9908,4751
9909,681
9910,2703
9911,2095
9912,5400
9913,9391
9914,8724
9915,4567
9916,9690
9917,1912
9918,7116
9919,9434
9920,623
9921,7223
9922,6311
9923,586
9924,5355
9925,6333
9926,3131
9927,1030
9928,2534
9929,3474
9930,1352
9931,1288
9932,5245
9933,1809
9934,2944
9935,5952
9936,6309
9937,7161
9938,5031
9939,3489
9940,8882
9941,3712
9942,7735
9943,8507
9944,9975
9945,1371
9946,7031
9947,6217
9948,4942
9949,9804
9950,2669
9951,5980
9952,9483
9953,3131
9954,7169
9955,1352
9956,6572
9957,8313
9958,5157
9959,476
9960,3188
9961,593
9962,9202
9963,3896
9964,2712
9965,1631
9966,2516
9967,8250
9968,2793
9969,2789
9970,5112
9971,810
9972,3299
9973,7499
9974,8420
9975,8039
9976,4950
9977,3943
9978,6489
9979,5633
9980,2627
9981,8750
9982,8757
9983,8584
9984,6553
9985,6330
9986,396
9987,8276
9988,8896
9989,8221
9990,3496
9991,2391
9992,6677
9993,3396
9994,6174
9995,609
9996,8536
9997,527
9998,9042
9999,8674
